t,raw_x,raw_y,raw_yaw,raw_z_btn,vx,vy,vz,wz,act_vx,act_vy,act_vz,act_wz
0.0015,0.0000,0.0000,0.0000,0,0.00000,0.00000,0.00000,0.00000,0.00000,0.00000,0.00000,0.00000
0.0524,0.0000,0.0000,0.0000,0,0.00000,0.00000,0.00000,0.00000,0.00000,0.00000,0.00000,0.00000
0.1033,0.0000,0.0000,0.0000,0,0.00000,0.00000,0.00000,0.00000,0.00000,0.00000,0.00000,0.00000
0.1535,0.0000,0.0000,0.0000,0,0.00000,0.00000,0.00000,0.00000,0.00000,0.00000,0.00000,0.00000
0.2039,0.0000,0.0000,0.0000,0,0.00000,0.00000,0.00000,0.00000,0.00000,0.00000,0.00000,0.00000
0.2545,0.0000,0.0000,0.0000,0,0.00000,0.00000,0.00000,0.00000,0.00000,0.00000,0.00000,0.00000
0.3052,0.0000,0.0000,0.0000,0,0.00000,0.00000,0.00000,0.00000,0.00000,0.00000,0.00000,0.00000
0.3553,0.0000,0.0000,0.0000,0,0.00000,0.00000,0.00000,0.00000,0.00000,0.00000,0.00000,0.00000
0.4056,0.0000,0.0000,0.0000,0,0.00000,0.00000,0.00000,0.00000,0.00000,0.00000,0.00000,0.00000
0.4560,0.0000,0.0000,0.0000,0,0.00000,0.00000,0.00000,0.00000,0.00000,0.00000,0.00000,0.00000
0.5061,0.0000,0.0000,0.0000,0,0.00000,0.00000,0.00000,0.00000,0.00000,0.00000,0.00000,0.00000
0.5562,0.0000,0.0000,0.0000,0,0.00000,0.00000,0.00000,0.00000,0.00000,0.00000,0.00000,0.00000
0.6064,0.0000,0.0000,0.0000,0,0.00000,0.00000,0.00000,0.00000,0.00000,0.00000,0.00000,0.00000
0.6572,0.0000,0.0000,0.0000,0,0.00000,0.00000,0.00000,0.00000,0.00000,0.00000,0.00000,0.00000
0.7078,0.0000,0.0000,0.0000,0,0.00000,0.00000,0.00000,0.00000,0.00000,0.00000,0.00000,0.00000
0.7581,0.0000,0.0000,0.0000,0,0.00000,0.00000,0.00000,0.00000,0.00000,0.00000,0.00000,0.00000
0.8085,0.0000,0.0000,0.0000,0,0.00000,0.00000,0.00000,0.00000,0.00000,0.00000,0.00000,0.00000
0.8588,0.0000,0.0000,0.0000,0,0.00000,0.00000,0.00000,0.00000,0.00000,0.00000,0.00000,0.00000
0.9097,0.0000,0.0000,0.0000,0,0.00000,0.00000,0.00000,0.00000,0.00000,0.00000,0.00000,0.00000
0.9599,0.0000,0.0000,0.0000,0,0.00000,0.00000,0.00000,0.00000,0.00000,0.00000,0.00000,0.00000
1.0106,0.0000,0.0000,0.0000,0,0.00000,0.00000,0.00000,0.00000,0.00000,0.00000,0.00000,0.00000
1.0611,0.0000,0.0000,0.0000,0,0.00000,0.00000,0.00000,0.00000,0.00000,0.00000,0.00000,0.00000
1.1116,0.0000,0.0000,0.0000,0,0.00000,0.00000,0.00000,0.00000,0.00000,0.00000,0.00000,0.00000
1.1627,0.0000,0.0000,0.0000,0,0.00000,0.00000,0.00000,0.00000,0.00000,0.00000,0.00000,0.00000
1.2136,0.0000,0.0000,0.0000,0,0.00000,0.00000,0.00000,0.00000,0.00000,0.00000,0.00000,0.00000
1.2640,0.0000,0.0000,0.0000,0,0.00000,0.00000,0.00000,0.00000,0.00000,0.00000,0.00000,0.00000
1.3146,0.0000,0.0000,0.0000,0,0.00000,0.00000,0.00000,0.00000,0.00000,0.00000,0.00000,0.00000
1.3651,0.0086,0.0000,0.0000,0,0.00000,0.00000,0.00000,0.00000,0.00000,0.00000,0.00000,0.00000
1.4153,0.0514,0.0000,0.0000,0,0.00000,0.00000,0.00000,0.00000,0.00000,0.00000,0.00000,0.00000
1.4655,0.0543,0.0000,0.0000,0,0.00000,0.00000,0.00000,0.00000,0.00000,0.00000,0.00000,0.00000
1.5161,0.0086,0.0000,0.0000,0,0.00000,0.00000,0.00000,0.00000,0.00000,0.00000,0.00000,0.00000
1.5663,0.0000,0.0000,0.0000,0,0.00000,0.00000,0.00000,0.00000,0.00000,0.00000,0.00000,0.00000
1.6172,0.0000,0.0000,0.0000,0,0.00000,0.00000,0.00000,0.00000,0.00000,0.00000,0.00000,0.00000
1.6682,0.0000,0.0000,0.0000,0,0.00000,0.00000,0.00000,0.00000,0.00000,0.00000,0.00000,0.00000
1.7186,0.0543,0.0000,0.0000,0,0.00000,0.00000,0.00000,0.00000,0.00000,0.00000,0.00000,0.00000
1.7688,0.1486,0.0000,0.0000,0,0.03000,0.00000,0.00000,0.00000,0.00742,0.00000,0.00000,0.00000
1.8197,0.3371,0.0000,0.0000,0,0.03000,0.00000,0.00000,0.00000,0.03000,0.00000,0.00000,0.00000
1.8699,0.4771,0.0000,0.0000,0,0.03000,0.00000,0.00000,0.00000,0.03000,0.00000,0.00000,0.00000
1.9201,0.5886,0.0171,0.0000,0,0.03000,0.00000,0.00000,0.00000,0.03000,0.00000,0.00000,0.00000
1.9711,0.7086,0.0314,0.0000,0,0.03000,0.00000,0.00000,0.00000,0.03000,0.00000,0.00000,0.00000
2.0220,0.7571,0.0543,0.0000,0,0.03000,0.00000,0.00000,0.00000,0.03000,0.00000,0.00000,0.00000
2.0724,0.7800,0.0629,0.0000,0,0.03000,0.00000,0.00000,0.00000,0.03000,0.00000,0.00000,0.00000
2.1232,0.8057,0.0686,0.0000,0,0.03000,0.00000,0.00000,0.00000,0.03000,0.00000,0.00000,0.00000
2.1737,0.8171,0.0686,0.0000,0,0.03000,0.00000,0.00000,0.00000,0.03000,0.00000,0.00000,0.00000
2.2246,0.8286,0.0657,0.0000,0,0.03000,0.00000,0.00000,0.00000,0.03000,0.00000,0.00000,0.00000
2.2754,0.8371,0.0714,0.0000,0,0.03000,0.00000,0.00000,0.00000,0.03000,0.00000,0.00000,0.00000
2.3255,0.8514,0.0743,0.0000,0,0.03000,0.00000,0.00000,0.00000,0.03000,0.00000,0.00000,0.00000
2.3756,0.8657,0.0771,0.0000,0,0.03000,0.00000,0.00000,0.00000,0.03000,0.00000,0.00000,0.00000
2.4264,0.8743,0.0743,0.0000,0,0.03000,0.00000,0.00000,0.00000,0.03000,0.00000,0.00000,0.00000
2.4772,0.8743,0.0657,0.0000,0,0.03000,0.00000,0.00000,0.00000,0.03000,0.00000,0.00000,0.00000
2.5282,0.8800,0.0571,0.0000,0,0.03000,0.00000,0.00000,0.00000,0.03000,0.00000,0.00000,0.00000
2.5790,0.8886,0.0600,0.0000,0,0.03000,0.00000,0.00000,0.00000,0.03000,0.00000,0.00000,0.00000
2.6294,0.9029,0.0629,0.0000,0,0.03000,0.00000,0.00000,0.00000,0.03000,0.00000,0.00000,0.00000
2.6802,0.9114,0.0600,0.0000,0,0.03000,0.00000,0.00000,0.00000,0.03000,0.00000,0.00000,0.00000
2.7303,0.9229,0.0657,0.0000,0,0.03000,0.00000,0.00000,0.00000,0.03000,0.00000,0.00000,0.00000
2.7812,0.9457,0.0657,0.0000,0,0.03000,0.00000,0.00000,0.00000,0.03000,0.00000,0.00000,0.00000
2.8320,0.9714,0.0686,0.0000,0,0.03000,0.00000,0.00000,0.00000,0.03000,0.00000,0.00000,0.00000
2.8821,0.9857,0.0686,0.0000,0,0.03000,0.00000,0.00000,0.00000,0.03000,0.00000,0.00000,0.00000
2.9322,1.0000,0.0686,0.0000,0,0.03000,0.00000,0.00000,0.00000,0.03000,0.00000,0.00000,0.00000
2.9832,1.0000,0.0714,0.0000,0,0.03000,0.00000,0.00000,0.00000,0.03000,0.00000,0.00000,0.00000
3.0339,1.0000,0.0714,0.0000,0,0.03000,0.00000,0.00000,0.00000,0.03000,0.00000,0.00000,0.00000
3.0849,1.0000,0.0714,0.0000,0,0.03000,0.00000,0.00000,0.00000,0.03000,0.00000,0.00000,0.00000
3.1354,1.0000,0.0686,0.0000,0,0.03000,0.00000,0.00000,0.00000,0.03000,0.00000,0.00000,0.00000
3.1854,1.0000,0.0686,0.0000,0,0.03000,0.00000,0.00000,0.00000,0.03000,0.00000,0.00000,0.00000
3.2356,1.0000,0.0657,0.0000,0,0.03000,0.00000,0.00000,0.00000,0.03000,0.00000,0.00000,0.00000
3.2858,1.0000,0.0686,0.0000,0,0.03000,0.00000,0.00000,0.00000,0.03000,0.00000,0.00000,0.00000
3.3365,1.0000,0.0686,0.0000,0,0.03000,0.00000,0.00000,0.00000,0.03000,0.00000,0.00000,0.00000
3.3874,1.0000,0.0686,0.0000,0,0.03000,0.00000,0.00000,0.00000,0.03000,0.00000,0.00000,0.00000
3.4383,1.0000,0.0714,0.0000,0,0.03000,0.00000,0.00000,0.00000,0.03000,0.00000,0.00000,0.00000
3.4892,1.0000,0.0714,0.0000,0,0.03000,0.00000,0.00000,0.00000,0.03000,0.00000,0.00000,0.00000
3.5402,1.0000,0.0714,0.0000,0,0.03000,0.00000,0.00000,0.00000,0.03000,0.00000,0.00000,0.00000
3.5911,1.0000,0.0714,0.0000,0,0.03000,0.00000,0.00000,0.00000,0.03000,0.00000,0.00000,0.00000
3.6415,1.0000,0.0686,0.0000,0,0.03000,0.00000,0.00000,0.00000,0.03000,0.00000,0.00000,0.00000
3.6916,1.0000,0.0743,0.0000,0,0.03000,0.00000,0.00000,0.00000,0.03000,0.00000,0.00000,0.00000
3.7417,1.0000,0.0743,0.0000,0,0.03000,0.00000,0.00000,0.00000,0.03000,0.00000,0.00000,0.00000
3.7924,1.0000,0.0743,0.0000,0,0.03000,0.00000,0.00000,0.00000,0.03000,0.00000,0.00000,0.00000
3.8430,1.0000,0.0743,0.0000,0,0.03000,0.00000,0.00000,0.00000,0.03000,0.00000,0.00000,0.00000
3.8933,1.0000,0.0743,0.0000,0,0.03000,0.00000,0.00000,0.00000,0.03000,0.00000,0.00000,0.00000
3.9436,1.0000,0.0743,0.0000,0,0.03000,0.00000,0.00000,0.00000,0.03000,0.00000,0.00000,0.00000
3.9937,1.0000,0.0743,0.0000,0,0.03000,0.00000,0.00000,0.00000,0.03000,0.00000,0.00000,0.00000
4.0441,1.0000,0.0743,0.0000,0,0.03000,0.00000,0.00000,0.00000,0.03000,0.00000,0.00000,0.00000
4.0941,1.0000,0.0743,0.0000,0,0.03000,0.00000,0.00000,0.00000,0.03000,0.00000,0.00000,0.00000
4.1443,1.0000,0.0771,0.0000,0,0.03000,0.00000,0.00000,0.00000,0.03000,0.00000,0.00000,0.00000
4.1946,1.0000,0.0714,0.0000,0,0.03000,0.00000,0.00000,0.00000,0.03000,0.00000,0.00000,0.00000
4.2454,1.0000,0.0714,0.0000,0,0.03000,0.00000,0.00000,0.00000,0.03000,0.00000,0.00000,0.00000
4.2964,1.0000,0.0743,0.0000,0,0.03000,0.00000,0.00000,0.00000,0.03000,0.00000,0.00000,0.00000
4.3470,1.0000,0.0771,0.0000,0,0.03000,0.00000,0.00000,0.00000,0.03000,0.00000,0.00000,0.00000
4.3978,1.0000,0.0743,0.0000,0,0.03000,0.00000,0.00000,0.00000,0.03000,0.00000,0.00000,0.00000
4.4483,0.9400,0.0743,0.0000,0,0.03000,0.00000,0.00000,0.00000,0.03000,0.00000,0.00000,0.00000
4.4988,0.5771,0.0714,0.0000,0,0.03000,0.00000,0.00000,0.00000,0.03000,0.00000,0.00000,0.00000
4.5490,0.3086,0.0086,0.0000,0,0.03000,0.00000,0.00000,0.00000,0.03000,0.00000,0.00000,0.00000
4.6001,0.1171,0.0000,0.0000,0,0.00000,0.00000,0.00000,0.00000,0.02708,0.00000,0.00000,0.00000
4.6510,0.0000,0.0000,0.0000,0,0.00000,0.00000,0.00000,0.00000,0.00001,0.00000,0.00000,0.00000
4.7018,0.0000,0.0000,0.0000,0,0.00000,0.00000,0.00000,0.00000,0.00000,0.00000,0.00000,0.00000
4.7527,0.0000,0.0000,0.0000,0,0.00000,0.00000,0.00000,0.00000,0.00000,0.00000,0.00000,0.00000
4.8030,0.0000,0.0000,0.0000,0,0.00000,0.00000,0.00000,0.00000,0.00000,0.00000,0.00000,0.00000
4.8541,0.0000,0.0000,0.0000,0,0.00000,0.00000,0.00000,0.00000,0.00000,0.00000,0.00000,0.00000
4.9043,0.0000,0.0000,0.0000,0,0.00000,0.00000,0.00000,0.00000,0.00000,0.00000,0.00000,0.00000
4.9545,0.0000,0.0000,0.0000,0,0.00000,0.00000,0.00000,0.00000,0.00000,0.00000,0.00000,0.00000
5.0051,0.0000,0.0000,0.0000,0,0.00000,0.00000,0.00000,0.00000,0.00000,0.00000,0.00000,0.00000
5.0556,0.0000,0.0000,0.0000,0,0.00000,0.00000,0.00000,0.00000,0.00000,0.00000,0.00000,0.00000
5.1062,0.0000,0.0000,0.0000,0,0.00000,0.00000,0.00000,0.00000,0.00000,0.00000,0.00000,0.00000
5.1567,0.0000,0.0000,0.0000,0,0.00000,0.00000,0.00000,0.00000,0.00000,0.00000,0.00000,0.00000
5.2076,0.0000,0.0000,0.0000,0,0.00000,0.00000,0.00000,0.00000,0.00000,0.00000,0.00000,0.00000
5.2584,0.0000,0.0000,0.0000,0,0.00000,0.00000,0.00000,0.00000,0.00000,0.00000,0.00000,0.00000
5.3087,0.0000,0.0000,0.0000,0,0.00000,0.00000,0.00000,0.00000,0.00000,0.00000,0.00000,0.00000
5.3588,-0.0686,0.0000,0.0000,0,0.00000,0.00000,0.00000,0.00000,0.00000,0.00000,0.00000,0.00000
5.4090,-0.1629,0.0000,0.0000,0,-0.03000,0.00000,0.00000,0.00000,-0.00677,0.00000,0.00000,0.00000
5.4592,-0.3200,0.0000,0.0000,0,-0.03000,0.00000,0.00000,0.00000,-0.03000,0.00000,0.00000,0.00000
5.5102,-0.4229,0.0000,0.0000,0,-0.03000,0.00000,0.00000,0.00000,-0.03000,0.00000,0.00000,0.00000
5.5611,-0.4914,0.0000,0.0000,0,-0.03000,0.00000,0.00000,0.00000,-0.03000,0.00000,0.00000,0.00000
5.6113,-0.5029,0.0000,0.0000,0,-0.03000,0.00000,0.00000,0.00000,-0.03000,0.00000,0.00000,0.00000
5.6622,-0.5000,0.0000,0.0000,0,-0.03000,0.00000,0.00000,0.00000,-0.03000,0.00000,0.00000,0.00000
5.7130,-0.4971,0.0000,0.0000,0,-0.03000,0.00000,0.00000,0.00000,-0.03000,0.00000,0.00000,0.00000
5.7632,-0.4971,0.0000,0.0000,0,-0.03000,0.00000,0.00000,0.00000,-0.03000,0.00000,0.00000,0.00000
5.8138,-0.5143,0.0000,0.0000,0,-0.03000,0.00000,0.00000,0.00000,-0.03000,0.00000,0.00000,0.00000
5.8645,-0.5229,0.0000,0.0000,0,-0.03000,0.00000,0.00000,0.00000,-0.03000,0.00000,0.00000,0.00000
5.9152,-0.5286,0.0000,0.0000,0,-0.03000,0.00000,0.00000,0.00000,-0.03000,0.00000,0.00000,0.00000
5.9660,-0.5257,0.0000,0.0000,0,-0.03000,0.00000,0.00000,0.00000,-0.03000,0.00000,0.00000,0.00000
6.0161,-0.5314,0.0000,0.0000,0,-0.03000,0.00000,0.00000,0.00000,-0.03000,0.00000,0.00000,0.00000
6.0671,-0.5371,0.0000,0.0000,0,-0.03000,0.00000,0.00000,0.00000,-0.03000,0.00000,0.00000,0.00000
6.1176,-0.5543,0.0000,0.0000,0,-0.03000,0.00000,0.00000,0.00000,-0.03000,0.00000,0.00000,0.00000
6.1684,-0.5857,0.0000,0.0000,0,-0.03000,0.00000,0.00000,0.00000,-0.03000,0.00000,0.00000,0.00000
6.2186,-0.6571,0.0000,0.0000,0,-0.03000,0.00000,0.00000,0.00000,-0.03000,0.00000,0.00000,0.00000
6.2686,-0.7029,0.0000,0.0000,0,-0.03000,0.00000,0.00000,0.00000,-0.03000,0.00000,0.00000,0.00000
6.3194,-0.7543,0.0000,0.0000,0,-0.03000,0.00000,0.00000,0.00000,-0.03000,0.00000,0.00000,0.00000
6.3694,-0.7800,0.0000,0.0000,0,-0.03000,0.00000,0.00000,0.00000,-0.03000,0.00000,0.00000,0.00000
6.4199,-0.8000,0.0000,0.0000,0,-0.03000,0.00000,0.00000,0.00000,-0.03000,0.00000,0.00000,0.00000
6.4704,-0.8057,0.0000,0.0000,0,-0.03000,0.00000,0.00000,0.00000,-0.03000,0.00000,0.00000,0.00000
6.5211,-0.8000,0.0000,0.0000,0,-0.03000,0.00000,0.00000,0.00000,-0.03000,0.00000,0.00000,0.00000
6.5721,-0.7857,0.0000,0.0000,0,-0.03000,0.00000,0.00000,0.00000,-0.03000,0.00000,0.00000,0.00000
6.6229,-0.7743,0.0000,0.0000,0,-0.03000,0.00000,0.00000,0.00000,-0.03000,0.00000,0.00000,0.00000
6.6730,-0.7571,0.0000,0.0000,0,-0.03000,0.00000,0.00000,0.00000,-0.03000,0.00000,0.00000,0.00000
6.7234,-0.7514,0.0000,0.0000,0,-0.03000,0.00000,0.00000,0.00000,-0.03000,0.00000,0.00000,0.00000
6.7744,-0.7429,0.0000,0.0000,0,-0.03000,0.00000,0.00000,0.00000,-0.03000,0.00000,0.00000,0.00000
6.8251,-0.7343,0.0000,0.0000,0,-0.03000,0.00000,0.00000,0.00000,-0.03000,0.00000,0.00000,0.00000
6.8760,-0.7143,0.0000,0.0000,0,-0.03000,0.00000,0.00000,0.00000,-0.03000,0.00000,0.00000,0.00000
6.9262,-0.6971,0.0000,0.0000,0,-0.03000,0.00000,0.00000,0.00000,-0.03000,0.00000,0.00000,0.00000
6.9765,-0.6857,0.0000,0.0000,0,-0.03000,0.00000,0.00000,0.00000,-0.03000,0.00000,0.00000,0.00000
7.0267,-0.6771,0.0000,0.0000,0,-0.03000,0.00000,0.00000,0.00000,-0.03000,0.00000,0.00000,0.00000
7.0776,-0.6771,0.0000,0.0000,0,-0.03000,0.00000,0.00000,0.00000,-0.03000,0.00000,0.00000,0.00000
7.1280,-0.6771,0.0000,0.0000,0,-0.03000,0.00000,0.00000,0.00000,-0.03000,0.00000,0.00000,0.00000
7.1782,-0.6771,0.0000,0.0000,0,-0.03000,0.00000,0.00000,0.00000,-0.03000,0.00000,0.00000,0.00000
7.2284,-0.6771,0.0000,0.0000,0,-0.03000,0.00000,0.00000,0.00000,-0.03000,0.00000,0.00000,0.00000
7.2786,-0.6743,0.0000,0.0000,0,-0.03000,0.00000,0.00000,0.00000,-0.03000,0.00000,0.00000,0.00000
7.3289,-0.6771,0.0000,0.0000,0,-0.03000,0.00000,0.00000,0.00000,-0.03000,0.00000,0.00000,0.00000
7.3794,-0.6743,0.0000,0.0000,0,-0.03000,0.00000,0.00000,0.00000,-0.03000,0.00000,0.00000,0.00000
7.4301,-0.6743,0.0000,0.0000,0,-0.03000,0.00000,0.00000,0.00000,-0.03000,0.00000,0.00000,0.00000
7.4806,-0.6743,0.0000,0.0000,0,-0.03000,0.00000,0.00000,0.00000,-0.03000,0.00000,0.00000,0.00000
7.5313,-0.6743,0.0000,0.0000,0,-0.03000,0.00000,0.00000,0.00000,-0.03000,0.00000,0.00000,0.00000
7.5816,-0.6743,0.0000,0.0000,0,-0.03000,0.00000,0.00000,0.00000,-0.03000,0.00000,0.00000,0.00000
7.6323,-0.6743,0.0000,0.0000,0,-0.03000,0.00000,0.00000,0.00000,-0.03000,0.00000,0.00000,0.00000
7.6834,-0.6714,0.0000,0.0000,0,-0.03000,0.00000,0.00000,0.00000,-0.03000,0.00000,0.00000,0.00000
7.7336,-0.6657,0.0000,0.0000,0,-0.03000,0.00000,0.00000,0.00000,-0.03000,0.00000,0.00000,0.00000
7.7844,-0.6314,0.0000,0.0000,0,-0.03000,0.00000,0.00000,0.00000,-0.03000,0.00000,0.00000,0.00000
7.8350,-0.4114,0.0000,0.0000,0,-0.03000,0.00000,0.00000,0.00000,-0.03000,0.00000,0.00000,0.00000
7.8857,-0.0914,0.0000,0.0000,0,0.00000,0.00000,0.00000,0.00000,-0.02883,0.00000,0.00000,0.00000
7.9365,-0.0200,0.0429,-0.0657,0,0.00000,0.00000,0.00000,0.00000,-0.00004,0.00000,0.00000,0.00000
7.9875,0.0000,0.0000,0.0114,0,0.00000,0.00000,0.00000,0.00000,-0.00000,0.00000,0.00000,0.00000
8.0382,0.0000,0.0000,0.0000,0,0.00000,0.00000,0.00000,0.00000,-0.00000,0.00000,0.00000,0.00000
8.0888,0.0000,0.0000,0.0000,0,0.00000,0.00000,0.00000,0.00000,-0.00000,0.00000,0.00000,0.00000
8.1396,0.0000,0.0000,0.0000,0,0.00000,0.00000,0.00000,0.00000,-0.00000,0.00000,0.00000,0.00000
8.1904,0.0000,0.0000,0.0000,0,0.00000,0.00000,0.00000,0.00000,-0.00000,0.00000,0.00000,0.00000
8.2410,0.0000,0.0000,0.0000,0,0.00000,0.00000,0.00000,0.00000,-0.00000,0.00000,0.00000,0.00000
8.2912,0.0000,0.0000,0.0000,0,0.00000,0.00000,0.00000,0.00000,-0.00000,0.00000,0.00000,0.00000
8.3421,0.0000,0.0000,0.0000,0,0.00000,0.00000,0.00000,0.00000,-0.00000,0.00000,0.00000,0.00000
8.3924,0.0000,0.0000,0.0000,0,0.00000,0.00000,0.00000,0.00000,-0.00000,0.00000,0.00000,0.00000
8.4433,0.0000,0.0000,0.0000,0,0.00000,0.00000,0.00000,0.00000,-0.00000,0.00000,0.00000,0.00000
8.4934,0.0000,0.0000,0.0000,0,0.00000,0.00000,0.00000,0.00000,-0.00000,0.00000,0.00000,0.00000
8.5436,0.0000,0.0000,0.0000,0,0.00000,0.00000,0.00000,0.00000,-0.00000,0.00000,0.00000,0.00000
8.5937,0.0000,0.0000,0.0000,0,0.00000,0.00000,0.00000,0.00000,-0.00000,0.00000,0.00000,0.00000
8.6437,0.0000,0.0000,0.0000,0,0.00000,0.00000,0.00000,0.00000,-0.00000,0.00000,0.00000,0.00000
8.6947,0.0000,0.0000,0.0000,0,0.00000,0.00000,0.00000,0.00000,-0.00000,0.00000,0.00000,0.00000
8.7457,0.0000,-0.0571,0.0000,0,0.00000,0.00000,0.00000,0.00000,-0.00000,0.00000,0.00000,0.00000
8.7958,0.0000,-0.0714,0.0000,0,0.00000,0.00000,0.00000,0.00000,-0.00000,0.00000,0.00000,0.00000
8.8466,0.0000,-0.0657,0.0000,0,0.00000,0.00000,0.00000,0.00000,-0.00000,0.00000,0.00000,0.00000
8.8974,0.0000,-0.0514,0.0000,0,0.00000,0.00000,0.00000,0.00000,-0.00000,0.00000,0.00000,0.00000
8.9481,0.0000,-0.0400,0.0000,0,0.00000,0.00000,0.00000,0.00000,-0.00000,0.00000,0.00000,0.00000
8.9986,0.0000,-0.0600,0.0000,0,0.00000,0.00000,0.00000,0.00000,-0.00000,0.00000,0.00000,0.00000
9.0492,0.0000,-0.0971,0.0000,0,0.00000,0.00000,0.00000,0.00000,-0.00000,0.00000,0.00000,0.00000
9.1001,0.0000,-0.1314,0.0000,0,0.00000,-0.03000,0.00000,0.00000,-0.00000,0.00000,0.00000,0.00000
9.1509,0.0029,-0.1971,0.0000,0,0.00000,-0.03000,0.00000,0.00000,-0.00000,-0.00872,0.00000,0.00000
9.2016,0.0029,-0.2571,0.0000,0,0.00000,-0.03000,0.00000,0.00000,-0.00000,-0.03000,0.00000,0.00000
9.2525,0.0086,-0.3314,0.0000,0,0.00000,-0.03000,0.00000,0.00000,-0.00000,-0.03000,0.00000,0.00000
9.3027,0.0229,-0.4429,0.0086,0,0.00000,-0.03000,0.00000,0.00000,-0.00000,-0.03000,0.00000,0.00000
9.3536,0.0486,-0.5829,0.0314,0,0.00000,-0.03000,0.00000,0.00000,-0.00000,-0.03000,0.00000,0.00000
9.4042,0.0686,-0.7057,0.0486,0,0.00000,-0.03000,0.00000,0.00000,-0.00000,-0.03000,0.00000,0.00000
9.4548,0.0771,-0.7629,0.0514,0,0.00000,-0.03000,0.00000,0.00000,-0.00000,-0.03000,0.00000,0.00000
9.5056,0.0714,-0.7771,0.0514,0,0.00000,-0.03000,0.00000,0.00000,-0.00000,-0.03000,0.00000,0.00000
9.5565,0.0714,-0.7771,0.0543,0,0.00000,-0.03000,0.00000,0.00000,-0.00000,-0.03000,0.00000,0.00000
9.6074,0.0743,-0.7771,0.0543,0,0.00000,-0.03000,0.00000,0.00000,-0.00000,-0.03000,0.00000,0.00000
9.6583,0.0800,-0.7829,0.0571,0,0.00000,-0.03000,0.00000,0.00000,-0.00000,-0.03000,0.00000,0.00000
9.7091,0.0771,-0.8086,0.0571,0,0.00000,-0.03000,0.00000,0.00000,-0.00000,-0.03000,0.00000,0.00000
9.7599,0.0743,-0.8200,0.0571,0,0.00000,-0.03000,0.00000,0.00000,-0.00000,-0.03000,0.00000,0.00000
9.8108,0.0714,-0.8514,0.0571,0,0.00000,-0.03000,0.00000,0.00000,-0.00000,-0.03000,0.00000,0.00000
9.8608,0.0714,-0.8629,0.0571,0,0.00000,-0.03000,0.00000,0.00000,-0.00000,-0.03000,0.00000,0.00000
9.9109,0.0743,-0.8686,0.0571,0,0.00000,-0.03000,0.00000,0.00000,-0.00000,-0.03000,0.00000,0.00000
9.9617,0.0743,-0.8829,0.0571,0,0.00000,-0.03000,0.00000,0.00000,-0.00000,-0.03000,0.00000,0.00000
10.0125,0.0714,-0.8943,0.0571,0,0.00000,-0.03000,0.00000,0.00000,-0.00000,-0.03000,0.00000,0.00000
10.0635,0.0714,-0.8971,0.0600,0,0.00000,-0.03000,0.00000,0.00000,-0.00000,-0.03000,0.00000,0.00000
10.1141,0.0714,-0.9114,0.0600,0,0.00000,-0.03000,0.00000,0.00000,-0.00000,-0.03000,0.00000,0.00000
10.1644,0.0686,-0.9171,0.0600,0,0.00000,-0.03000,0.00000,0.00000,-0.00000,-0.03000,0.00000,0.00000
10.2144,0.0657,-0.9200,0.0600,0,0.00000,-0.03000,0.00000,0.00000,-0.00000,-0.03000,0.00000,0.00000
10.2652,0.0629,-0.9314,0.0600,0,0.00000,-0.03000,0.00000,0.00000,-0.00000,-0.03000,0.00000,0.00000
10.3158,0.0629,-0.9343,0.0600,0,0.00000,-0.03000,0.00000,0.00000,-0.00000,-0.03000,0.00000,0.00000
10.3659,0.0629,-0.9286,0.0600,0,0.00000,-0.03000,0.00000,0.00000,-0.00000,-0.03000,0.00000,0.00000
10.4159,0.0600,-0.9314,0.0600,0,0.00000,-0.03000,0.00000,0.00000,-0.00000,-0.03000,0.00000,0.00000
10.4667,0.0571,-0.9371,0.0600,0,0.00000,-0.03000,0.00000,0.00000,-0.00000,-0.03000,0.00000,0.00000
10.5169,0.0571,-0.9314,0.0571,0,0.00000,-0.03000,0.00000,0.00000,-0.00000,-0.03000,0.00000,0.00000
10.5677,0.0571,-0.9286,0.0571,0,0.00000,-0.03000,0.00000,0.00000,-0.00000,-0.03000,0.00000,0.00000
10.6186,0.0514,-0.9286,0.0543,0,0.00000,-0.03000,0.00000,0.00000,-0.00000,-0.03000,0.00000,0.00000
10.6695,0.0514,-0.9314,0.0543,0,0.00000,-0.03000,0.00000,0.00000,-0.00000,-0.03000,0.00000,0.00000
10.7201,0.0514,-0.9314,0.0543,0,0.00000,-0.03000,0.00000,0.00000,-0.00000,-0.03000,0.00000,0.00000
10.7701,0.0514,-0.9371,0.0543,0,0.00000,-0.03000,0.00000,0.00000,-0.00000,-0.03000,0.00000,0.00000
10.8203,0.0514,-0.9371,0.0543,0,0.00000,-0.03000,0.00000,0.00000,-0.00000,-0.03000,0.00000,0.00000
10.8712,0.0514,-0.9314,0.0543,0,0.00000,-0.03000,0.00000,0.00000,-0.00000,-0.03000,0.00000,0.00000
10.9220,0.0486,-0.9343,0.0543,0,0.00000,-0.03000,0.00000,0.00000,-0.00000,-0.03000,0.00000,0.00000
10.9729,0.0486,-0.9457,0.0543,0,0.00000,-0.03000,0.00000,0.00000,-0.00000,-0.03000,0.00000,0.00000
11.0238,0.0457,-0.9514,0.0543,0,0.00000,-0.03000,0.00000,0.00000,-0.00000,-0.03000,0.00000,0.00000
11.0746,0.0457,-0.9514,0.0543,0,0.00000,-0.03000,0.00000,0.00000,-0.00000,-0.03000,0.00000,0.00000
11.1255,0.0486,-0.9543,0.0543,0,0.00000,-0.03000,0.00000,0.00000,-0.00000,-0.03000,0.00000,0.00000
11.1762,0.0486,-0.9457,0.0543,0,0.00000,-0.03000,0.00000,0.00000,-0.00000,-0.03000,0.00000,0.00000
11.2272,0.0486,-0.9429,0.0543,0,0.00000,-0.03000,0.00000,0.00000,-0.00000,-0.03000,0.00000,0.00000
11.2782,0.0486,-0.9429,0.0543,0,0.00000,-0.03000,0.00000,0.00000,-0.00000,-0.03000,0.00000,0.00000
11.3283,0.0457,-0.9429,0.0543,0,0.00000,-0.03000,0.00000,0.00000,-0.00000,-0.03000,0.00000,0.00000
11.3791,0.0457,-0.9457,0.0543,0,0.00000,-0.03000,0.00000,0.00000,-0.00000,-0.03000,0.00000,0.00000
11.4298,0.0457,-0.9457,0.0543,0,0.00000,-0.03000,0.00000,0.00000,-0.00000,-0.03000,0.00000,0.00000
11.4807,0.0486,-0.9486,0.0543,0,0.00000,-0.03000,0.00000,0.00000,-0.00000,-0.03000,0.00000,0.00000
11.5318,0.0486,-0.9486,0.0543,0,0.00000,-0.03000,0.00000,0.00000,-0.00000,-0.03000,0.00000,0.00000
11.5827,0.0457,-0.9514,0.0543,0,0.00000,-0.03000,0.00000,0.00000,-0.00000,-0.03000,0.00000,0.00000
11.6337,0.0457,-0.9543,0.0543,0,0.00000,-0.03000,0.00000,0.00000,-0.00000,-0.03000,0.00000,0.00000
11.6845,0.0457,-0.9514,0.0543,0,0.00000,-0.03000,0.00000,0.00000,-0.00000,-0.03000,0.00000,0.00000
11.7349,0.0429,-0.9514,0.0543,0,0.00000,-0.03000,0.00000,0.00000,-0.00000,-0.03000,0.00000,0.00000
11.7855,0.0457,-0.9486,0.0543,0,0.00000,-0.03000,0.00000,0.00000,-0.00000,-0.03000,0.00000,0.00000
11.8362,0.0457,-0.9486,0.0543,0,0.00000,-0.03000,0.00000,0.00000,-0.00000,-0.03000,0.00000,0.00000
11.8863,0.0457,-0.9457,0.0543,0,0.00000,-0.03000,0.00000,0.00000,-0.00000,-0.03000,0.00000,0.00000
11.9367,0.0457,-0.9457,0.0543,0,0.00000,-0.03000,0.00000,0.00000,-0.00000,-0.03000,0.00000,0.00000
11.9869,0.0457,-0.9457,0.0543,0,0.00000,-0.03000,0.00000,0.00000,-0.00000,-0.03000,0.00000,0.00000
12.0378,0.0457,-0.9457,0.0514,0,0.00000,-0.03000,0.00000,0.00000,-0.00000,-0.03000,0.00000,0.00000
12.0887,0.0429,-0.9543,0.0514,0,0.00000,-0.03000,0.00000,0.00000,-0.00000,-0.03000,0.00000,0.00000
12.1396,0.0429,-0.9514,0.0514,0,0.00000,-0.03000,0.00000,0.00000,-0.00000,-0.03000,0.00000,0.00000
12.1900,0.0429,-0.9600,0.0514,0,0.00000,-0.03000,0.00000,0.00000,-0.00000,-0.03000,0.00000,0.00000
12.2401,0.0400,-0.9600,0.0514,0,0.00000,-0.03000,0.00000,0.00000,-0.00000,-0.03000,0.00000,0.00000
12.2904,0.0429,-0.9629,0.0486,0,0.00000,-0.03000,0.00000,0.00000,-0.00000,-0.03000,0.00000,0.00000
12.3408,0.0429,-0.9629,0.0486,0,0.00000,-0.03000,0.00000,0.00000,-0.00000,-0.03000,0.00000,0.00000
12.3911,0.0400,-0.9600,0.0486,0,0.00000,-0.03000,0.00000,0.00000,-0.00000,-0.03000,0.00000,0.00000
12.4414,0.0371,-0.9571,0.0486,0,0.00000,-0.03000,0.00000,0.00000,-0.00000,-0.03000,0.00000,0.00000
12.4915,0.0371,-0.9600,0.0486,0,0.00000,-0.03000,0.00000,0.00000,-0.00000,-0.03000,0.00000,0.00000
12.5421,0.0343,-0.9686,0.0457,0,0.00000,-0.03000,0.00000,0.00000,-0.00000,-0.03000,0.00000,0.00000
12.5929,0.0314,-0.9657,0.0457,0,0.00000,-0.03000,0.00000,0.00000,-0.00000,-0.03000,0.00000,0.00000
12.6434,0.0314,-0.9543,0.0457,0,0.00000,-0.03000,0.00000,0.00000,-0.00000,-0.03000,0.00000,0.00000
12.6935,0.0314,-0.9229,0.0486,0,0.00000,-0.03000,0.00000,0.00000,-0.00000,-0.03000,0.00000,0.00000
12.7436,0.0343,-0.7371,0.0543,0,0.00000,-0.03000,0.00000,0.00000,-0.00000,-0.03000,0.00000,0.00000
12.7936,0.0000,-0.2400,0.0000,0,0.00000,-0.03000,0.00000,0.00000,-0.00000,-0.03000,0.00000,0.00000
12.8438,0.0000,0.0000,0.0000,0,0.00000,0.00000,0.00000,0.00000,-0.00000,-0.00633,0.00000,0.00000
12.8948,0.0000,0.0000,0.0000,0,0.00000,0.00000,0.00000,0.00000,-0.00000,-0.00000,0.00000,0.00000
12.9454,0.0000,0.0000,0.0000,0,0.00000,0.00000,0.00000,0.00000,-0.00000,-0.00000,0.00000,0.00000
12.9963,0.0000,0.0000,0.0000,0,0.00000,0.00000,0.00000,0.00000,-0.00000,-0.00000,0.00000,0.00000
13.0473,0.0000,0.0171,0.0000,0,0.00000,0.00000,0.00000,0.00000,-0.00000,-0.00000,0.00000,0.00000
13.0978,0.0000,0.0200,0.0000,0,0.00000,0.00000,0.00000,0.00000,-0.00000,-0.00000,0.00000,0.00000
13.1486,0.0000,0.0000,0.0000,0,0.00000,0.00000,0.00000,0.00000,-0.00000,-0.00000,0.00000,0.00000
13.1994,0.0000,0.0000,0.0000,0,0.00000,0.00000,0.00000,0.00000,-0.00000,-0.00000,0.00000,0.00000
13.2501,0.0000,0.0000,0.0000,0,0.00000,0.00000,0.00000,0.00000,-0.00000,-0.00000,0.00000,0.00000
13.3011,0.0000,0.0600,0.0000,0,0.00000,0.00000,0.00000,0.00000,-0.00000,-0.00000,0.00000,0.00000
13.3519,0.0000,0.1743,-0.0029,0,0.00000,0.03000,0.00000,0.00000,-0.00000,0.01002,0.00000,0.00000
13.4026,0.0000,0.3143,-0.0229,0,0.00000,0.03000,0.00000,0.00000,-0.00000,0.03000,0.00000,0.00000
13.4535,0.0000,0.5314,-0.0314,0,0.00000,0.03000,0.00000,0.00000,-0.00000,0.03000,0.00000,0.00000
13.5038,0.0000,0.7200,-0.0171,0,0.00000,0.03000,0.00000,0.00000,-0.00000,0.03000,0.00000,0.00000
13.5544,0.0000,0.8400,-0.0114,0,0.00000,0.03000,0.00000,0.00000,-0.00000,0.03000,0.00000,0.00000
13.6046,0.0000,0.8743,-0.0114,0,0.00000,0.03000,0.00000,0.00000,-0.00000,0.03000,0.00000,0.00000
13.6549,0.0000,0.8829,-0.0171,0,0.00000,0.03000,0.00000,0.00000,-0.00000,0.03000,0.00000,0.00000
13.7051,0.0000,0.8829,-0.0171,0,0.00000,0.03000,0.00000,0.00000,-0.00000,0.03000,0.00000,0.00000
13.7561,0.0000,0.9086,-0.0143,0,0.00000,0.03000,0.00000,0.00000,-0.00000,0.03000,0.00000,0.00000
13.8071,0.0000,0.9114,-0.0143,0,0.00000,0.03000,0.00000,0.00000,-0.00000,0.03000,0.00000,0.00000
13.8572,0.0000,0.9143,-0.0114,0,0.00000,0.03000,0.00000,0.00000,-0.00000,0.03000,0.00000,0.00000
13.9075,0.0000,0.9086,-0.0086,0,0.00000,0.03000,0.00000,0.00000,-0.00000,0.03000,0.00000,0.00000
13.9577,0.0000,0.9086,-0.0086,0,0.00000,0.03000,0.00000,0.00000,-0.00000,0.03000,0.00000,0.00000
14.0078,0.0000,0.9086,-0.0086,0,0.00000,0.03000,0.00000,0.00000,-0.00000,0.03000,0.00000,0.00000
14.0580,0.0000,0.9086,-0.0086,0,0.00000,0.03000,0.00000,0.00000,-0.00000,0.03000,0.00000,0.00000
14.1081,0.0000,0.9200,-0.0057,0,0.00000,0.03000,0.00000,0.00000,-0.00000,0.03000,0.00000,0.00000
14.1590,0.0000,0.9343,-0.0029,0,0.00000,0.03000,0.00000,0.00000,-0.00000,0.03000,0.00000,0.00000
14.2098,0.0000,0.9400,-0.0029,0,0.00000,0.03000,0.00000,0.00000,-0.00000,0.03000,0.00000,0.00000
14.2598,0.0000,0.9400,-0.0029,0,0.00000,0.03000,0.00000,0.00000,-0.00000,0.03000,0.00000,0.00000
14.3107,0.0000,0.9429,-0.0029,0,0.00000,0.03000,0.00000,0.00000,-0.00000,0.03000,0.00000,0.00000
14.3615,0.0000,0.9371,-0.0029,0,0.00000,0.03000,0.00000,0.00000,-0.00000,0.03000,0.00000,0.00000
14.4126,0.0000,0.9371,-0.0029,0,0.00000,0.03000,0.00000,0.00000,-0.00000,0.03000,0.00000,0.00000
14.4634,0.0000,0.9343,-0.0029,0,0.00000,0.03000,0.00000,0.00000,-0.00000,0.03000,0.00000,0.00000
14.5138,0.0000,0.9314,-0.0029,0,0.00000,0.03000,0.00000,0.00000,-0.00000,0.03000,0.00000,0.00000
14.5644,0.0000,0.9314,0.0000,0,0.00000,0.03000,0.00000,0.00000,-0.00000,0.03000,0.00000,0.00000
14.6147,0.0000,0.9286,0.0000,0,0.00000,0.03000,0.00000,0.00000,-0.00000,0.03000,0.00000,0.00000
14.6651,0.0000,0.9229,0.0000,0,0.00000,0.03000,0.00000,0.00000,-0.00000,0.03000,0.00000,0.00000
14.7160,0.0000,0.9143,0.0000,0,0.00000,0.03000,0.00000,0.00000,-0.00000,0.03000,0.00000,0.00000
14.7665,0.0000,0.9143,0.0000,0,0.00000,0.03000,0.00000,0.00000,-0.00000,0.03000,0.00000,0.00000
14.8173,0.0000,0.9114,0.0000,0,0.00000,0.03000,0.00000,0.00000,-0.00000,0.03000,0.00000,0.00000
14.8675,0.0000,0.9114,0.0000,0,0.00000,0.03000,0.00000,0.00000,-0.00000,0.03000,0.00000,0.00000
14.9179,0.0000,0.9057,0.0000,0,0.00000,0.03000,0.00000,0.00000,-0.00000,0.03000,0.00000,0.00000
14.9686,0.0000,0.9143,0.0000,0,0.00000,0.03000,0.00000,0.00000,-0.00000,0.03000,0.00000,0.00000
15.0187,0.0000,0.9143,0.0000,0,0.00000,0.03000,0.00000,0.00000,-0.00000,0.03000,0.00000,0.00000
15.0696,0.0000,0.9171,0.0000,0,0.00000,0.03000,0.00000,0.00000,-0.00000,0.03000,0.00000,0.00000
15.1206,0.0000,0.9200,0.0000,0,0.00000,0.03000,0.00000,0.00000,-0.00000,0.03000,0.00000,0.00000
15.1711,0.0000,0.9171,0.0000,0,0.00000,0.03000,0.00000,0.00000,-0.00000,0.03000,0.00000,0.00000
15.2212,0.0000,0.9114,0.0000,0,0.00000,0.03000,0.00000,0.00000,-0.00000,0.03000,0.00000,0.00000
15.2720,0.0000,0.9114,0.0000,0,0.00000,0.03000,0.00000,0.00000,-0.00000,0.03000,0.00000,0.00000
15.3230,0.0000,0.9114,0.0000,0,0.00000,0.03000,0.00000,0.00000,-0.00000,0.03000,0.00000,0.00000
15.3731,0.0000,0.9114,0.0000,0,0.00000,0.03000,0.00000,0.00000,-0.00000,0.03000,0.00000,0.00000
15.4232,0.0000,0.9114,0.0000,0,0.00000,0.03000,0.00000,0.00000,-0.00000,0.03000,0.00000,0.00000
15.4742,0.0000,0.9114,0.0000,0,0.00000,0.03000,0.00000,0.00000,-0.00000,0.03000,0.00000,0.00000
15.5248,0.0000,0.9171,0.0000,0,0.00000,0.03000,0.00000,0.00000,-0.00000,0.03000,0.00000,0.00000
15.5754,0.0000,0.9171,0.0000,0,0.00000,0.03000,0.00000,0.00000,-0.00000,0.03000,0.00000,0.00000
15.6263,0.0000,0.9114,0.0000,0,0.00000,0.03000,0.00000,0.00000,-0.00000,0.03000,0.00000,0.00000
15.6772,0.0000,0.9057,0.0000,0,0.00000,0.03000,0.00000,0.00000,-0.00000,0.03000,0.00000,0.00000
15.7281,0.0000,0.9057,0.0000,0,0.00000,0.03000,0.00000,0.00000,-0.00000,0.03000,0.00000,0.00000
15.7789,0.0000,0.9057,0.0000,0,0.00000,0.03000,0.00000,0.00000,-0.00000,0.03000,0.00000,0.00000
15.8298,0.0000,0.9057,0.0000,0,0.00000,0.03000,0.00000,0.00000,-0.00000,0.03000,0.00000,0.00000
15.8805,0.0000,0.9200,0.0000,0,0.00000,0.03000,0.00000,0.00000,-0.00000,0.03000,0.00000,0.00000
15.9311,0.0000,0.8943,0.0000,0,0.00000,0.03000,0.00000,0.00000,-0.00000,0.03000,0.00000,0.00000
15.9812,0.0000,0.8114,0.0000,0,0.00000,0.03000,0.00000,0.00000,-0.00000,0.03000,0.00000,0.00000
16.0322,0.0000,0.3514,0.0000,0,0.00000,0.03000,0.00000,0.00000,-0.00000,0.03000,0.00000,0.00000
16.0823,0.0000,0.0000,0.0000,0,0.00000,0.00000,0.00000,0.00000,-0.00000,0.03000,0.00000,0.00000
16.1330,0.0000,0.0000,0.0000,0,0.00000,0.00000,0.00000,0.00000,-0.00000,0.00503,0.00000,0.00000
16.1837,0.0000,0.0000,0.0000,0,0.00000,0.00000,0.00000,0.00000,-0.00000,0.00000,0.00000,0.00000
16.2341,0.0000,0.0000,0.0000,0,0.00000,0.00000,0.00000,0.00000,-0.00000,0.00000,0.00000,0.00000
16.2848,0.0000,0.0000,0.0000,0,0.00000,0.00000,0.00000,0.00000,-0.00000,0.00000,0.00000,0.00000
16.3348,0.0000,0.0000,0.0000,0,0.00000,0.00000,0.00000,0.00000,-0.00000,0.00000,0.00000,0.00000
16.3858,0.0000,0.0000,0.0000,0,0.00000,0.00000,0.00000,0.00000,-0.00000,0.00000,0.00000,0.00000
16.4367,0.0000,0.0000,0.0000,0,0.00000,0.00000,0.00000,0.00000,-0.00000,0.00000,0.00000,0.00000
16.4868,0.0000,0.0000,0.0000,0,0.00000,0.00000,0.00000,0.00000,-0.00000,0.00000,0.00000,0.00000
16.5368,0.0000,0.0000,0.0000,0,0.00000,0.00000,0.00000,0.00000,-0.00000,0.00000,0.00000,0.00000
16.5876,0.0000,0.0000,0.0000,0,0.00000,0.00000,0.00000,0.00000,-0.00000,0.00000,0.00000,0.00000
16.6381,0.0000,0.0000,0.0000,0,0.00000,0.00000,0.00000,0.00000,-0.00000,0.00000,0.00000,0.00000
16.6884,0.0000,0.0000,0.0000,0,0.00000,0.00000,0.00000,0.00000,-0.00000,0.00000,0.00000,0.00000
16.7390,0.0000,0.0000,0.0000,0,0.00000,0.00000,0.00000,0.00000,-0.00000,0.00000,0.00000,0.00000
16.7893,0.0000,0.0000,0.0000,0,0.00000,0.00000,0.00000,0.00000,-0.00000,0.00000,0.00000,0.00000
16.8401,0.0000,0.0000,0.0000,0,0.00000,0.00000,0.00000,0.00000,-0.00000,0.00000,0.00000,0.00000
16.8910,0.0000,0.0000,0.0000,0,0.00000,0.00000,0.00000,0.00000,-0.00000,0.00000,0.00000,0.00000
16.9411,0.0000,0.0000,0.0000,0,0.00000,0.00000,0.00000,0.00000,-0.00000,0.00000,0.00000,0.00000
16.9919,0.0000,0.0000,0.0000,0,0.00000,0.00000,0.00000,0.00000,-0.00000,0.00000,0.00000,0.00000
17.0429,0.0000,0.0000,0.0000,0,0.00000,0.00000,0.00000,0.00000,-0.00000,0.00000,0.00000,0.00000
17.0937,0.0000,0.0000,0.0000,0,0.00000,0.00000,0.00000,0.00000,-0.00000,0.00000,0.00000,0.00000
17.1445,0.0000,0.0000,0.0000,0,0.00000,0.00000,0.00000,0.00000,-0.00000,0.00000,0.00000,0.00000
17.1948,0.0000,0.0000,0.0000,0,0.00000,0.00000,0.00000,0.00000,-0.00000,0.00000,0.00000,0.00000
17.2457,0.0000,0.0000,0.0000,0,0.00000,0.00000,0.00000,0.00000,-0.00000,0.00000,0.00000,0.00000
17.2960,0.0000,0.0000,0.0000,0,0.00000,0.00000,0.00000,0.00000,-0.00000,0.00000,0.00000,0.00000
17.3464,0.0000,0.0000,0.0000,0,0.00000,0.00000,0.00000,0.00000,-0.00000,0.00000,0.00000,0.00000
17.3972,0.0000,0.0000,0.0000,0,0.00000,0.00000,0.00000,0.00000,-0.00000,0.00000,0.00000,0.00000
17.4480,0.0000,0.0000,0.0000,0,0.00000,0.00000,0.00000,0.00000,-0.00000,0.00000,0.00000,0.00000
17.4988,0.0000,0.0000,0.0000,0,0.00000,0.00000,0.00000,0.00000,-0.00000,0.00000,0.00000,0.00000
17.5491,0.0000,0.0000,0.0000,0,0.00000,0.00000,0.00000,0.00000,-0.00000,0.00000,0.00000,0.00000
17.5997,0.0000,0.0000,0.0000,0,0.00000,0.00000,0.00000,0.00000,-0.00000,0.00000,0.00000,0.00000
17.6498,0.0000,0.0000,0.0000,0,0.00000,0.00000,0.00000,0.00000,-0.00000,0.00000,0.00000,0.00000
17.7003,0.0000,0.0000,0.0000,0,0.00000,0.00000,0.00000,0.00000,-0.00000,0.00000,0.00000,0.00000
17.7511,0.0000,0.0000,0.0000,0,0.00000,0.00000,0.00000,0.00000,-0.00000,0.00000,0.00000,0.00000
17.8015,0.0000,0.0000,0.0000,0,0.00000,0.00000,0.00000,0.00000,-0.00000,0.00000,0.00000,0.00000
17.8518,0.0000,0.0000,0.0000,0,0.00000,0.00000,0.00000,0.00000,-0.00000,0.00000,0.00000,0.00000
17.9019,0.0000,0.0000,0.0000,0,0.00000,0.00000,0.00000,0.00000,-0.00000,0.00000,0.00000,0.00000
17.9529,0.0000,0.0000,0.0000,0,0.00000,0.00000,0.00000,0.00000,-0.00000,0.00000,0.00000,0.00000
18.0033,0.0000,0.0000,0.0000,0,0.00000,0.00000,0.00000,0.00000,-0.00000,0.00000,0.00000,0.00000
18.0535,0.0000,0.0000,0.0000,0,0.00000,0.00000,0.00000,0.00000,-0.00000,0.00000,0.00000,0.00000
18.1038,0.0000,0.0000,0.0000,0,0.00000,0.00000,0.00000,0.00000,-0.00000,0.00000,0.00000,0.00000
18.1545,0.0000,0.0000,0.0000,0,0.00000,0.00000,0.00000,0.00000,-0.00000,0.00000,0.00000,0.00000
18.2052,0.0000,0.0000,0.0000,0,0.00000,0.00000,0.00000,0.00000,-0.00000,0.00000,0.00000,0.00000
18.2561,0.0000,0.0000,0.0000,0,0.00000,0.00000,0.00000,0.00000,-0.00000,0.00000,0.00000,0.00000
18.3068,0.0000,0.0000,0.0000,0,0.00000,0.00000,0.00000,0.00000,-0.00000,0.00000,0.00000,0.00000
18.3575,0.0000,0.0000,0.0000,0,0.00000,0.00000,0.00000,0.00000,-0.00000,0.00000,0.00000,0.00000
18.4082,0.0000,0.0000,0.0000,0,0.00000,0.00000,0.00000,0.00000,-0.00000,0.00000,0.00000,0.00000
18.4588,0.0000,0.0000,0.0000,0,0.00000,0.00000,0.00000,0.00000,-0.00000,0.00000,0.00000,0.00000
18.5097,0.0000,0.0000,0.0000,0,0.00000,0.00000,0.00000,0.00000,-0.00000,0.00000,0.00000,0.00000
18.5604,0.0000,0.0000,0.0000,0,0.00000,0.00000,0.00000,0.00000,-0.00000,0.00000,0.00000,0.00000
18.6106,0.0000,0.0000,0.0000,0,0.00000,0.00000,0.00000,0.00000,-0.00000,0.00000,0.00000,0.00000
18.6609,0.0000,0.0000,0.0000,0,0.00000,0.00000,0.00000,0.00000,-0.00000,0.00000,0.00000,0.00000
18.7119,0.0000,0.0000,0.0000,0,0.00000,0.00000,0.00000,0.00000,-0.00000,0.00000,0.00000,0.00000
18.7625,0.0000,0.0000,0.0000,0,0.00000,0.00000,0.00000,0.00000,-0.00000,0.00000,0.00000,0.00000
18.8134,0.0000,0.0000,0.0000,0,0.00000,0.00000,0.00000,0.00000,-0.00000,0.00000,0.00000,0.00000
18.8636,0.0000,0.0000,0.0000,0,0.00000,0.00000,0.00000,0.00000,-0.00000,0.00000,0.00000,0.00000
18.9136,0.0000,0.0000,0.0000,0,0.00000,0.00000,0.00000,0.00000,-0.00000,0.00000,0.00000,0.00000
18.9641,0.0000,0.0000,0.0000,0,0.00000,0.00000,0.00000,0.00000,-0.00000,0.00000,0.00000,0.00000
19.0148,0.0000,0.0000,0.0000,0,0.00000,0.00000,0.00000,0.00000,-0.00000,0.00000,0.00000,0.00000
19.0656,0.0000,0.0000,0.0000,0,0.00000,0.00000,0.00000,0.00000,-0.00000,0.00000,0.00000,0.00000
19.1159,0.0000,0.0000,0.0000,0,0.00000,0.00000,0.00000,0.00000,-0.00000,0.00000,0.00000,0.00000
19.1669,0.0000,0.0000,0.0000,0,0.00000,0.00000,0.00000,0.00000,-0.00000,0.00000,0.00000,0.00000
19.2179,0.0000,0.0000,0.0000,0,0.00000,0.00000,0.00000,0.00000,-0.00000,0.00000,0.00000,0.00000
19.2687,0.0000,0.0000,0.0000,0,0.00000,0.00000,0.00000,0.00000,-0.00000,0.00000,0.00000,0.00000
19.3191,0.0000,0.0000,0.0000,0,0.00000,0.00000,0.00000,0.00000,-0.00000,0.00000,0.00000,0.00000
19.3700,0.0000,0.0000,0.0000,0,0.00000,0.00000,0.00000,0.00000,-0.00000,0.00000,0.00000,0.00000
19.4207,0.0000,0.0000,0.0000,0,0.00000,0.00000,0.00000,0.00000,-0.00000,0.00000,0.00000,0.00000
19.4713,0.0000,0.0000,0.0000,0,0.00000,0.00000,0.00000,0.00000,-0.00000,0.00000,0.00000,0.00000
19.5218,0.0000,0.0000,0.0000,0,0.00000,0.00000,0.00000,0.00000,-0.00000,0.00000,0.00000,0.00000
19.5724,0.0000,0.0000,0.0000,0,0.00000,0.00000,0.00000,0.00000,-0.00000,0.00000,0.00000,0.00000
19.6226,0.0000,0.0000,0.0000,0,0.00000,0.00000,0.00000,0.00000,-0.00000,0.00000,0.00000,0.00000
19.6729,0.0000,0.0000,0.0000,0,0.00000,0.00000,0.00000,0.00000,-0.00000,0.00000,0.00000,0.00000
19.7236,0.0000,0.0000,0.0000,0,0.00000,0.00000,0.00000,0.00000,-0.00000,0.00000,0.00000,0.00000
19.7741,0.0000,0.0000,0.0000,0,0.00000,0.00000,0.00000,0.00000,-0.00000,0.00000,0.00000,0.00000
19.8251,0.0000,0.0000,0.0000,0,0.00000,0.00000,0.00000,0.00000,-0.00000,0.00000,0.00000,0.00000
19.8760,0.0000,0.0000,0.0000,0,0.00000,0.00000,0.00000,0.00000,-0.00000,0.00000,0.00000,0.00000
19.9268,0.0000,0.0000,0.0000,0,0.00000,0.00000,0.00000,0.00000,-0.00000,0.00000,0.00000,0.00000
19.9769,0.0000,0.0000,0.0000,0,0.00000,0.00000,0.00000,0.00000,-0.00000,0.00000,0.00000,0.00000
20.0269,0.0000,0.0000,0.0000,0,0.00000,0.00000,0.00000,0.00000,-0.00000,0.00000,0.00000,0.00000
20.0770,0.0000,0.0000,0.0000,0,0.00000,0.00000,0.00000,0.00000,-0.00000,0.00000,0.00000,0.00000
20.1278,0.0000,0.0000,0.0000,0,0.00000,0.00000,0.00000,0.00000,-0.00000,0.00000,0.00000,0.00000
20.1780,0.0000,0.0000,0.0000,0,0.00000,0.00000,0.00000,0.00000,-0.00000,0.00000,0.00000,0.00000
20.2288,0.0000,0.0000,0.0000,0,0.00000,0.00000,0.00000,0.00000,-0.00000,0.00000,0.00000,0.00000
20.2796,0.0000,0.0000,0.0000,0,0.00000,0.00000,0.00000,0.00000,-0.00000,0.00000,0.00000,0.00000
20.3305,0.0000,0.0000,0.0000,0,0.00000,0.00000,0.00000,0.00000,-0.00000,0.00000,0.00000,0.00000
20.3814,0.0000,0.0000,0.0000,0,0.00000,0.00000,0.00000,0.00000,-0.00000,0.00000,0.00000,0.00000
20.4316,0.0000,0.0000,0.0000,0,0.00000,0.00000,0.00000,0.00000,-0.00000,0.00000,0.00000,0.00000
20.4826,0.0000,0.0000,0.0000,0,0.00000,0.00000,0.00000,0.00000,-0.00000,0.00000,0.00000,0.00000
20.5334,0.0000,0.0000,0.0000,0,0.00000,0.00000,0.00000,0.00000,-0.00000,0.00000,0.00000,0.00000
20.5843,0.0000,0.0000,0.0000,0,0.00000,0.00000,0.00000,0.00000,-0.00000,0.00000,0.00000,0.00000
20.6347,0.0000,0.0000,0.0000,0,0.00000,0.00000,0.00000,0.00000,-0.00000,0.00000,0.00000,0.00000
20.6853,0.0000,0.0000,0.0000,0,0.00000,0.00000,0.00000,0.00000,-0.00000,0.00000,0.00000,0.00000
20.7358,0.0000,0.0000,0.0000,0,0.00000,0.00000,0.00000,0.00000,-0.00000,0.00000,0.00000,0.00000
20.7868,0.0000,0.0000,0.0000,0,0.00000,0.00000,0.00000,0.00000,-0.00000,0.00000,0.00000,0.00000
20.8368,0.0000,0.0000,0.0000,0,0.00000,0.00000,0.00000,0.00000,-0.00000,0.00000,0.00000,0.00000
20.8877,0.0000,0.0000,0.0000,0,0.00000,0.00000,0.00000,0.00000,-0.00000,0.00000,0.00000,0.00000
20.9378,0.0000,0.0000,0.0000,0,0.00000,0.00000,0.00000,0.00000,-0.00000,0.00000,0.00000,0.00000
20.9887,0.0000,0.0000,0.0000,0,0.00000,0.00000,0.00000,0.00000,-0.00000,0.00000,0.00000,0.00000
21.0388,0.0000,0.0000,0.0000,0,0.00000,0.00000,0.00000,0.00000,-0.00000,0.00000,0.00000,0.00000
21.0892,0.0000,0.0000,0.0000,0,0.00000,0.00000,0.00000,0.00000,-0.00000,0.00000,0.00000,0.00000
21.1400,0.0000,0.0000,0.0000,0,0.00000,0.00000,0.00000,0.00000,-0.00000,0.00000,0.00000,0.00000
21.1911,0.0000,0.0000,0.0000,0,0.00000,0.00000,0.00000,0.00000,-0.00000,0.00000,0.00000,0.00000
21.2416,0.0000,0.0000,0.0000,0,0.00000,0.00000,0.00000,0.00000,-0.00000,0.00000,0.00000,0.00000
21.2920,0.0000,0.0000,0.0000,0,0.00000,0.00000,0.00000,0.00000,-0.00000,0.00000,0.00000,0.00000
21.3425,0.0000,-0.0343,-0.0029,0,0.00000,0.00000,0.00000,0.00000,-0.00000,0.00000,0.00000,0.00000
21.3928,0.0000,-0.0629,-0.0314,0,0.00000,0.00000,0.00000,0.00000,-0.00000,0.00000,0.00000,0.00000
21.4437,0.0000,-0.0714,-0.0400,0,0.00000,0.00000,0.00000,0.00000,-0.00000,0.00000,0.00000,0.00000
21.4946,0.0000,-0.0771,-0.0457,0,0.00000,0.00000,0.00000,0.00000,-0.00000,0.00000,0.00000,0.00000
21.5447,0.0000,-0.0829,-0.0514,0,0.00000,0.00000,0.00000,0.00000,-0.00000,0.00000,0.00000,0.00000
21.5950,0.0000,-0.0857,-0.0514,0,0.00000,0.00000,0.00000,0.00000,-0.00000,0.00000,0.00000,0.00000
21.6454,0.0000,-0.0829,-0.0514,0,0.00000,0.00000,0.00000,0.00000,-0.00000,0.00000,0.00000,0.00000
21.6954,0.0000,-0.0829,-0.0514,0,0.00000,0.00000,0.00000,0.00000,-0.00000,0.00000,0.00000,0.00000
21.7462,0.0000,-0.0829,-0.0514,0,0.00000,0.00000,0.00000,0.00000,-0.00000,0.00000,0.00000,0.00000
21.7970,0.0000,-0.0829,-0.0514,0,0.00000,0.00000,0.00000,0.00000,-0.00000,0.00000,0.00000,0.00000
21.8480,0.0000,-0.0829,-0.0514,-1,0.00000,0.00000,-0.03000,0.00000,-0.00000,0.00000,-0.02822,0.00000
21.8980,0.0000,-0.0829,-0.0514,-1,0.00000,0.00000,-0.03000,0.00000,-0.00000,0.00000,-0.03000,0.00000
21.9483,0.0000,-0.0829,-0.0514,-1,0.00000,0.00000,-0.03000,0.00000,-0.00000,0.00000,-0.03000,0.00000
21.9986,0.0000,-0.0829,-0.0514,-1,0.00000,0.00000,-0.03000,0.00000,-0.00000,0.00000,-0.03000,0.00000
22.0487,0.0000,-0.0829,-0.0514,-1,0.00000,0.00000,-0.03000,0.00000,-0.00000,0.00000,-0.03000,0.00000
22.0987,0.0000,-0.0829,-0.0514,-1,0.00000,0.00000,-0.03000,0.00000,-0.00000,0.00000,-0.03000,0.00000
22.1496,0.0000,-0.0829,-0.0514,-1,0.00000,0.00000,-0.03000,0.00000,-0.00000,0.00000,-0.03000,0.00000
22.2002,0.0000,-0.0857,-0.0514,-1,0.00000,0.00000,-0.03000,0.00000,-0.00000,0.00000,-0.03000,0.00000
22.2503,0.0000,-0.0829,-0.0514,-1,0.00000,0.00000,-0.03000,0.00000,-0.00000,0.00000,-0.03000,0.00000
22.3009,0.0000,-0.0829,-0.0514,-1,0.00000,0.00000,-0.03000,0.00000,-0.00000,0.00000,-0.03000,0.00000
22.3517,0.0000,-0.0829,-0.0514,-1,0.00000,0.00000,-0.03000,0.00000,-0.00000,0.00000,-0.03000,0.00000
22.4026,0.0000,-0.0829,-0.0514,-1,0.00000,0.00000,-0.03000,0.00000,-0.00000,0.00000,-0.03000,0.00000
22.4526,0.0000,-0.0829,-0.0514,-1,0.00000,0.00000,-0.03000,0.00000,-0.00000,0.00000,-0.03000,0.00000
22.5035,0.0000,0.0000,0.0000,-1,0.00000,0.00000,-0.03000,0.00000,-0.00000,0.00000,-0.03000,0.00000
22.5541,0.0000,0.0000,0.0000,-1,0.00000,0.00000,-0.03000,0.00000,-0.00000,0.00000,-0.03000,0.00000
22.6046,0.0000,0.0000,0.0000,-1,0.00000,0.00000,-0.03000,0.00000,-0.00000,0.00000,-0.03000,0.00000
22.6551,0.0000,0.0000,0.0000,-1,0.00000,0.00000,-0.03000,0.00000,-0.00000,0.00000,-0.03000,0.00000
22.7059,0.0000,0.0000,0.0000,-1,0.00000,0.00000,-0.03000,0.00000,-0.00000,0.00000,-0.03000,0.00000
22.7560,0.0000,0.0000,0.0000,-1,0.00000,0.00000,-0.03000,0.00000,-0.00000,0.00000,-0.03000,0.00000
22.8069,0.0000,0.0000,0.0000,-1,0.00000,0.00000,-0.03000,0.00000,-0.00000,0.00000,-0.03000,0.00000
22.8570,0.0000,0.0000,0.0000,-1,0.00000,0.00000,-0.03000,0.00000,-0.00000,0.00000,-0.03000,0.00000
22.9078,0.0000,0.0000,0.0000,-1,0.00000,0.00000,-0.03000,0.00000,-0.00000,0.00000,-0.03000,0.00000
22.9585,0.0000,0.0000,0.0000,-1,0.00000,0.00000,-0.03000,0.00000,-0.00000,0.00000,-0.03000,0.00000
23.0092,0.0000,0.0000,0.0000,-1,0.00000,0.00000,-0.03000,0.00000,-0.00000,0.00000,-0.03000,0.00000
23.0603,0.0000,0.0000,0.0000,-1,0.00000,0.00000,-0.03000,0.00000,-0.00000,0.00000,-0.03000,0.00000
23.1110,0.0000,0.0000,0.0000,-1,0.00000,0.00000,-0.03000,0.00000,-0.00000,0.00000,-0.03000,0.00000
23.1617,0.0000,0.0000,0.0000,-1,0.00000,0.00000,-0.03000,0.00000,-0.00000,0.00000,-0.03000,0.00000
23.2127,0.0000,0.0000,0.0000,-1,0.00000,0.00000,-0.03000,0.00000,-0.00000,0.00000,-0.03000,0.00000
23.2632,0.0000,0.0000,0.0000,-1,0.00000,0.00000,-0.03000,0.00000,-0.00000,0.00000,-0.03000,0.00000
23.3139,0.0000,0.0000,0.0000,-1,0.00000,0.00000,-0.03000,0.00000,-0.00000,0.00000,-0.03000,0.00000
23.3642,0.0000,0.0000,0.0000,-1,0.00000,0.00000,-0.03000,0.00000,-0.00000,0.00000,-0.03000,0.00000
23.4151,0.0000,0.0000,0.0000,-1,0.00000,0.00000,-0.03000,0.00000,-0.00000,0.00000,-0.03000,0.00000
23.4658,0.0000,0.0000,0.0000,-1,0.00000,0.00000,-0.03000,0.00000,-0.00000,0.00000,-0.03000,0.00000
23.5167,0.0000,0.0000,0.0000,-1,0.00000,0.00000,-0.03000,0.00000,-0.00000,0.00000,-0.03000,0.00000
23.5672,0.0000,0.0000,0.0000,-1,0.00000,0.00000,-0.03000,0.00000,-0.00000,0.00000,-0.03000,0.00000
23.6177,0.0000,0.0000,0.0000,-1,0.00000,0.00000,-0.03000,0.00000,-0.00000,0.00000,-0.03000,0.00000
23.6683,0.0000,0.0000,0.0000,-1,0.00000,0.00000,-0.03000,0.00000,-0.00000,0.00000,-0.03000,0.00000
23.7189,0.0000,0.0000,0.0000,-1,0.00000,0.00000,-0.03000,0.00000,-0.00000,0.00000,-0.03000,0.00000
23.7690,0.0000,0.0000,0.0000,-1,0.00000,0.00000,-0.03000,0.00000,-0.00000,0.00000,-0.03000,0.00000
23.8198,0.0000,0.0000,0.0000,0,0.00000,0.00000,0.00000,0.00000,-0.00000,0.00000,-0.02971,0.00000
23.8707,0.0000,0.0000,0.0000,0,0.00000,0.00000,0.00000,0.00000,-0.00000,0.00000,-0.00006,0.00000
23.9209,0.0000,0.0000,0.0000,0,0.00000,0.00000,0.00000,0.00000,-0.00000,0.00000,-0.00000,0.00000
23.9711,0.0000,0.0000,0.0000,0,0.00000,0.00000,0.00000,0.00000,-0.00000,0.00000,-0.00000,0.00000
24.0216,0.0000,0.0000,0.0000,0,0.00000,0.00000,0.00000,0.00000,-0.00000,0.00000,-0.00000,0.00000
24.0717,0.0000,0.0000,0.0000,0,0.00000,0.00000,0.00000,0.00000,-0.00000,0.00000,-0.00000,0.00000
24.1224,0.0000,0.0000,0.0000,0,0.00000,0.00000,0.00000,0.00000,-0.00000,0.00000,-0.00000,0.00000
24.1733,0.0000,0.0000,0.0000,0,0.00000,0.00000,0.00000,0.00000,-0.00000,0.00000,0.00000,0.00000
24.2244,0.0000,0.0000,0.0000,0,0.00000,0.00000,0.00000,0.00000,-0.00000,0.00000,0.00000,0.00000
24.2744,0.0000,0.0000,0.0000,0,0.00000,0.00000,0.00000,0.00000,-0.00000,0.00000,0.00000,0.00000
24.3246,0.0000,0.0000,0.0000,0,0.00000,0.00000,0.00000,0.00000,-0.00000,0.00000,0.00000,0.00000
24.3747,0.0000,0.0000,0.0000,0,0.00000,0.00000,0.00000,0.00000,-0.00000,0.00000,-0.00000,0.00000
24.4250,0.0000,0.0000,0.0000,1,0.00000,0.00000,0.03000,0.00000,-0.00000,0.00000,-0.00000,0.00000
24.4757,0.0000,0.0000,0.0000,1,0.00000,0.00000,0.03000,0.00000,-0.00000,0.00000,0.00231,0.00000
24.5260,0.0000,0.0000,0.0000,1,0.00000,0.00000,0.03000,0.00000,-0.00000,0.00000,0.02999,0.00000
24.5767,0.0000,0.0000,0.0000,1,0.00000,0.00000,0.03000,0.00000,-0.00000,0.00000,0.03000,0.00000
24.6268,0.0000,0.0000,0.0000,1,0.00000,0.00000,0.03000,0.00000,-0.00000,0.00000,0.03000,0.00000
24.6778,0.0000,0.0000,0.0000,1,0.00000,0.00000,0.03000,0.00000,-0.00000,0.00000,0.03000,0.00000
24.7285,0.0000,0.0000,0.0000,1,0.00000,0.00000,0.03000,0.00000,-0.00000,0.00000,0.03000,0.00000
24.7789,0.0000,0.0000,0.0000,1,0.00000,0.00000,0.03000,0.00000,-0.00000,0.00000,0.03000,0.00000
24.8299,0.0000,0.0000,0.0000,1,0.00000,0.00000,0.03000,0.00000,-0.00000,0.00000,0.03000,0.00000
24.8807,0.0000,0.0000,0.0000,1,0.00000,0.00000,0.03000,0.00000,-0.00000,0.00000,0.03000,0.00000
24.9317,0.0000,0.0000,0.0000,1,0.00000,0.00000,0.03000,0.00000,-0.00000,0.00000,0.03000,0.00000
24.9825,0.0000,0.0000,0.0000,1,0.00000,0.00000,0.03000,0.00000,-0.00000,0.00000,0.03000,0.00000
25.0335,0.0000,0.0000,0.0000,1,0.00000,0.00000,0.03000,0.00000,-0.00000,0.00000,0.03000,0.00000
25.0842,0.0000,0.0000,0.0000,1,0.00000,0.00000,0.03000,0.00000,-0.00000,0.00000,0.03000,0.00000
25.1343,0.0000,0.0000,0.0000,1,0.00000,0.00000,0.03000,0.00000,-0.00000,0.00000,0.03000,0.00000
25.1852,0.0000,0.0000,0.0000,1,0.00000,0.00000,0.03000,0.00000,-0.00000,0.00000,0.03000,0.00000
25.2361,0.0000,0.0000,0.0000,1,0.00000,0.00000,0.03000,0.00000,-0.00000,0.00000,0.03000,0.00000
25.2868,0.0000,0.0000,0.0000,1,0.00000,0.00000,0.03000,0.00000,-0.00000,0.00000,0.03000,0.00000
25.3368,0.0000,0.0000,0.0000,1,0.00000,0.00000,0.03000,0.00000,-0.00000,0.00000,0.03000,0.00000
25.3878,0.0000,0.0000,0.0000,1,0.00000,0.00000,0.03000,0.00000,-0.00000,0.00000,0.03000,0.00000
25.4386,0.0000,0.0000,0.0000,1,0.00000,0.00000,0.03000,0.00000,-0.00000,0.00000,0.03000,0.00000
25.4890,0.0000,0.0000,0.0000,1,0.00000,0.00000,0.03000,0.00000,-0.00000,0.00000,0.03000,0.00000
25.5397,0.0000,0.0000,0.0000,1,0.00000,0.00000,0.03000,0.00000,-0.00000,0.00000,0.03000,0.00000
25.5899,0.0000,0.0000,0.0000,1,0.00000,0.00000,0.03000,0.00000,-0.00000,0.00000,0.03000,0.00000
25.6406,0.0000,0.0000,0.0000,1,0.00000,0.00000,0.03000,0.00000,-0.00000,0.00000,0.03000,0.00000
25.6910,0.0000,0.0000,0.0000,1,0.00000,0.00000,0.03000,0.00000,-0.00000,0.00000,0.03000,0.00000
25.7411,0.0000,0.0000,0.0000,1,0.00000,0.00000,0.03000,0.00000,-0.00000,0.00000,0.03000,0.00000
25.7914,0.0000,0.0000,0.0000,1,0.00000,0.00000,0.03000,0.00000,-0.00000,0.00000,0.03000,0.00000
25.8423,0.0000,0.0000,0.0000,1,0.00000,0.00000,0.03000,0.00000,-0.00000,0.00000,0.03000,0.00000
25.8933,0.0000,0.0000,0.0000,1,0.00000,0.00000,0.03000,0.00000,-0.00000,0.00000,0.03000,0.00000
25.9441,0.0000,0.0000,0.0000,1,0.00000,0.00000,0.03000,0.00000,-0.00000,0.00000,0.03000,0.00000
25.9948,0.0000,0.0000,0.0000,1,0.00000,0.00000,0.03000,0.00000,-0.00000,0.00000,0.03000,0.00000
26.0455,0.0000,0.0000,0.0000,1,0.00000,0.00000,0.03000,0.00000,-0.00000,0.00000,0.03000,0.00000
26.0965,0.0000,0.0000,0.0000,1,0.00000,0.00000,0.03000,0.00000,-0.00000,0.00000,0.03000,0.00000
26.1473,0.0000,0.0000,0.0000,1,0.00000,0.00000,0.03000,0.00000,-0.00000,0.00000,0.03000,0.00000
26.1981,0.0000,0.0000,0.0000,1,0.00000,0.00000,0.03000,0.00000,-0.00000,0.00000,0.03000,0.00000
26.2489,0.0000,0.0000,0.0000,1,0.00000,0.00000,0.03000,0.00000,-0.00000,0.00000,0.03000,0.00000
26.2995,0.0000,0.0000,0.0000,1,0.00000,0.00000,0.03000,0.00000,-0.00000,0.00000,0.03000,0.00000
26.3497,0.0000,0.0000,0.0000,1,0.00000,0.00000,0.03000,0.00000,-0.00000,0.00000,0.03000,0.00000
26.4006,0.0000,0.0000,0.0000,1,0.00000,0.00000,0.03000,0.00000,-0.00000,0.00000,0.03000,0.00000
26.4515,0.0000,0.0000,0.0000,1,0.00000,0.00000,0.03000,0.00000,-0.00000,0.00000,0.03000,0.00000
26.5018,0.0000,0.0000,0.0000,1,0.00000,0.00000,0.03000,0.00000,-0.00000,0.00000,0.03000,0.00000
26.5523,0.0000,0.0000,0.0000,1,0.00000,0.00000,0.03000,0.00000,-0.00000,0.00000,0.03000,0.00000
26.6028,0.0000,0.0000,0.0000,0,0.00000,0.00000,0.00000,0.00000,-0.00000,0.00000,0.03000,0.00000
26.6533,0.0000,0.0000,0.0000,0,0.00000,0.00000,0.00000,0.00000,-0.00000,0.00000,0.01478,0.00000
26.7036,0.0000,0.0000,0.0000,0,0.00000,0.00000,0.00000,0.00000,-0.00000,0.00000,0.00000,0.00000
26.7539,0.0000,0.0000,0.0000,0,0.00000,0.00000,0.00000,0.00000,-0.00000,0.00000,0.00000,0.00000
26.8047,-0.0143,0.0000,0.0000,0,0.00000,0.00000,0.00000,0.00000,-0.00000,0.00000,0.00000,0.00000
26.8550,-0.0314,0.0000,0.0000,0,0.00000,0.00000,0.00000,0.00000,-0.00000,0.00000,0.00000,0.00000
26.9054,-0.0029,-0.0200,0.0000,0,0.00000,0.00000,0.00000,0.00000,-0.00000,0.00000,0.00000,0.00000
26.9559,0.0086,0.0000,0.3314,0,0.00000,0.00000,0.00000,0.40000,-0.00000,0.00000,0.00000,0.03426
27.0067,0.0971,0.0457,0.6971,0,0.00000,0.00000,0.00000,0.40000,-0.00000,0.00000,0.00000,0.09801
27.0576,0.0286,0.0000,1.0000,0,0.00000,0.00000,0.00000,0.40000,-0.00000,0.00000,0.00000,0.16176
27.1085,0.0000,0.0000,1.0000,0,0.00000,0.00000,0.00000,0.40000,-0.00000,0.00000,0.00000,0.22426
27.1594,0.0000,0.0000,1.0000,0,0.00000,0.00000,0.00000,0.40000,-0.00000,0.00000,0.00000,0.28801
27.2095,0.0000,0.0000,1.0000,0,0.00000,0.00000,0.00000,0.40000,-0.00000,0.00000,0.00000,0.35051
27.2605,0.0000,0.0000,1.0000,0,0.00000,0.00000,0.00000,0.40000,-0.00000,0.00000,0.00000,0.40000
27.3108,0.0000,0.0000,1.0000,0,0.00000,0.00000,0.00000,0.40000,-0.00000,0.00000,0.00000,0.40000
27.3618,0.0000,0.0000,1.0000,0,0.00000,0.00000,0.00000,0.40000,-0.00000,0.00000,0.00000,0.40000
27.4127,0.0000,0.0000,1.0000,0,0.00000,0.00000,0.00000,0.40000,-0.00000,0.00000,0.00000,0.40000
27.4636,0.0000,0.0000,1.0000,0,0.00000,0.00000,0.00000,0.40000,-0.00000,0.00000,0.00000,0.40000
27.5146,0.0000,0.0000,1.0000,0,0.00000,0.00000,0.00000,0.40000,-0.00000,0.00000,0.00000,0.40000
27.5654,0.0000,0.0000,1.0000,0,0.00000,0.00000,0.00000,0.40000,-0.00000,0.00000,0.00000,0.40000
27.6163,0.0000,0.0000,1.0000,0,0.00000,0.00000,0.00000,0.40000,-0.00000,0.00000,0.00000,0.40000
27.6670,0.0000,0.0000,1.0000,0,0.00000,0.00000,0.00000,0.40000,-0.00000,0.00000,0.00000,0.40000
27.7178,0.0000,0.0000,1.0000,0,0.00000,0.00000,0.00000,0.40000,-0.00000,0.00000,0.00000,0.40000
27.7686,0.0000,0.0000,1.0000,0,0.00000,0.00000,0.00000,0.40000,-0.00000,0.00000,0.00000,0.40000
27.8189,0.0000,0.0000,1.0000,0,0.00000,0.00000,0.00000,0.40000,-0.00000,0.00000,0.00000,0.40000
27.8699,0.0000,0.0000,1.0000,0,0.00000,0.00000,0.00000,0.40000,-0.00000,0.00000,0.00000,0.40000
27.9204,0.0000,0.0000,1.0000,0,0.00000,0.00000,0.00000,0.40000,-0.00000,0.00000,0.00000,0.40000
27.9712,0.0000,0.0000,1.0000,0,0.00000,0.00000,0.00000,0.40000,-0.00000,0.00000,0.00000,0.40000
28.0213,0.0000,0.0000,1.0000,0,0.00000,0.00000,0.00000,0.40000,-0.00000,0.00000,0.00000,0.40000
28.0723,0.0000,0.0000,1.0000,0,0.00000,0.00000,0.00000,0.40000,-0.00000,0.00000,0.00000,0.40000
28.1234,0.0000,0.0000,1.0000,0,0.00000,0.00000,0.00000,0.40000,-0.00000,0.00000,0.00000,0.40000
28.1735,0.0000,0.0000,1.0000,0,0.00000,0.00000,0.00000,0.40000,-0.00000,0.00000,0.00000,0.40000
28.2236,0.0000,0.0000,1.0000,0,0.00000,0.00000,0.00000,0.40000,-0.00000,0.00000,0.00000,0.40000
28.2740,0.0000,0.0000,1.0000,0,0.00000,0.00000,0.00000,0.40000,-0.00000,0.00000,0.00000,0.40000
28.3244,0.0000,0.0000,1.0000,0,0.00000,0.00000,0.00000,0.40000,-0.00000,0.00000,0.00000,0.40000
28.3748,0.0000,0.0000,1.0000,0,0.00000,0.00000,0.00000,0.40000,-0.00000,0.00000,0.00000,0.40000
28.4249,0.0000,0.0000,1.0000,0,0.00000,0.00000,0.00000,0.40000,-0.00000,0.00000,0.00000,0.40000
28.4759,0.0000,0.0000,0.9771,0,0.00000,0.00000,0.00000,0.40000,-0.00000,0.00000,0.00000,0.40000
28.5265,0.0600,0.0000,0.8686,0,0.00000,0.00000,0.00000,0.40000,-0.00000,0.00000,0.00000,0.40000
28.5771,0.0857,0.0000,0.5286,0,0.00000,0.00000,0.00000,0.40000,-0.00000,0.00000,0.00000,0.40000
28.6280,0.0000,0.0000,0.0486,0,0.00000,0.00000,0.00000,0.00000,-0.00000,0.00000,0.00000,0.40000
28.6787,0.0000,0.0000,0.0000,0,0.00000,0.00000,0.00000,0.00000,-0.00000,0.00000,0.00000,0.34449
28.7294,0.0000,0.0000,0.0000,0,0.00000,0.00000,0.00000,0.00000,-0.00000,0.00000,0.00000,0.28199
28.7800,0.0000,0.0000,0.0000,0,0.00000,0.00000,0.00000,0.00000,-0.00000,0.00000,0.00000,0.21824
28.8310,0.0000,0.0000,0.0000,0,0.00000,0.00000,0.00000,0.00000,-0.00000,0.00000,0.00000,0.15449
28.8815,0.0000,0.0714,-0.1200,0,0.00000,0.00000,0.00000,0.00000,-0.00000,0.00000,0.00000,0.09199
28.9325,0.0343,0.1743,-0.3514,0,0.00000,0.00000,0.00000,-0.40000,-0.00000,0.00000,0.00000,0.02824
28.9832,0.0257,0.2600,-0.6629,0,0.00000,0.00000,0.00000,-0.40000,-0.00000,0.00000,0.00000,-0.03551
29.0337,0.0000,0.2943,-0.9171,0,0.00000,0.00000,0.00000,-0.40000,-0.00000,0.00000,0.00000,-0.09926
29.0842,0.0000,0.2171,-0.9857,0,0.00000,0.00000,0.00000,-0.40000,-0.00000,0.00000,0.00000,-0.16176
29.1348,0.0000,0.1686,-1.0000,0,0.00000,0.00000,0.00000,-0.40000,-0.00000,0.00000,0.00000,-0.22551
29.1852,0.0000,0.1629,-1.0000,0,0.00000,0.00000,0.00000,-0.40000,-0.00000,0.00000,0.00000,-0.28801
29.2357,0.0000,0.1600,-1.0000,0,0.00000,0.00000,0.00000,-0.40000,-0.00000,0.00000,0.00000,-0.35176
29.2862,0.0000,0.1571,-1.0000,0,0.00000,0.00000,0.00000,-0.40000,-0.00000,0.00000,0.00000,-0.40000
29.3367,0.0000,0.1514,-1.0000,0,0.00000,0.00000,0.00000,-0.40000,-0.00000,0.00000,0.00000,-0.40000
29.3873,0.0000,0.1486,-1.0000,0,0.00000,0.00000,0.00000,-0.40000,-0.00000,0.00000,0.00000,-0.40000
29.4382,0.0000,0.1457,-1.0000,0,0.00000,0.00000,0.00000,-0.40000,-0.00000,0.00000,0.00000,-0.40000
29.4887,0.0000,0.1457,-1.0000,0,0.00000,0.00000,0.00000,-0.40000,-0.00000,0.00000,0.00000,-0.40000
29.5391,0.0000,0.1429,-1.0000,0,0.00000,0.00000,0.00000,-0.40000,-0.00000,0.00000,0.00000,-0.40000
29.5897,0.0000,0.1429,-1.0000,0,0.00000,0.00000,0.00000,-0.40000,-0.00000,0.00000,0.00000,-0.40000
29.6405,0.0000,0.1429,-1.0000,0,0.00000,0.00000,0.00000,-0.40000,-0.00000,0.00000,0.00000,-0.40000
29.6914,0.0000,0.1429,-1.0000,0,0.00000,0.00000,0.00000,-0.40000,-0.00000,0.00000,0.00000,-0.40000
29.7420,0.0000,0.1486,-1.0000,0,0.00000,0.00000,0.00000,-0.40000,-0.00000,0.00000,0.00000,-0.40000
29.7929,0.0000,0.1514,-1.0000,0,0.00000,0.00000,0.00000,-0.40000,-0.00000,0.00000,0.00000,-0.40000
29.8431,0.0000,0.1486,-1.0000,0,0.00000,0.00000,0.00000,-0.40000,-0.00000,0.00000,0.00000,-0.40000
29.8931,0.0000,0.1457,-1.0000,0,0.00000,0.00000,0.00000,-0.40000,-0.00000,0.00000,0.00000,-0.40000
29.9438,0.0000,0.1457,-1.0000,0,0.00000,0.00000,0.00000,-0.40000,-0.00000,0.00000,0.00000,-0.40000
29.9941,0.0000,0.1429,-1.0000,0,0.00000,0.00000,0.00000,-0.40000,-0.00000,0.00000,0.00000,-0.40000
30.0443,0.0000,0.1314,-1.0000,0,0.00000,0.00000,0.00000,-0.40000,-0.00000,0.00000,0.00000,-0.40000
30.0953,0.0571,0.1543,-0.7600,0,0.00000,0.00000,0.00000,-0.40000,-0.00000,0.00000,0.00000,-0.40000
30.1461,0.1086,0.1686,-0.6571,0,0.00000,0.00000,0.00000,-0.40000,-0.00000,0.00000,0.00000,-0.40000
30.1968,0.0000,0.1857,-0.2114,0,0.00000,0.00000,0.00000,0.00000,-0.00000,0.00000,0.00000,-0.39438
30.2473,0.0229,0.0400,0.0000,0,0.00000,0.00000,0.00000,0.00000,-0.00000,0.00000,0.00000,-0.33199
30.2979,0.0000,0.0000,0.0000,0,0.00000,0.00000,0.00000,0.00000,-0.00000,0.00000,0.00000,-0.26824
30.3489,0.0000,0.0000,0.0000,0,0.00000,0.00000,0.00000,0.00000,-0.00000,0.00000,0.00000,-0.20449
30.3999,0.0000,0.0000,0.0000,0,0.00000,0.00000,0.00000,0.00000,-0.00000,0.00000,0.00000,-0.14074
30.4500,0.0000,0.0000,0.0000,0,0.00000,0.00000,0.00000,0.00000,-0.00000,0.00000,0.00000,-0.07824
30.5006,0.0000,0.0000,0.0000,0,0.00000,0.00000,0.00000,0.00000,-0.00000,0.00000,0.00000,-0.01574
30.5511,0.0000,0.0000,0.0000,0,0.00000,0.00000,0.00000,0.00000,-0.00000,0.00000,0.00000,-0.00000
30.6018,0.0000,0.0000,0.0000,0,0.00000,0.00000,0.00000,0.00000,-0.00000,0.00000,0.00000,-0.00000
30.6527,0.0000,0.0000,0.0000,0,0.00000,0.00000,0.00000,0.00000,-0.00000,0.00000,0.00000,-0.00000
30.7030,0.0000,0.0000,0.0000,0,0.00000,0.00000,0.00000,0.00000,-0.00000,0.00000,0.00000,-0.00000
30.7540,0.0000,0.0000,0.0000,0,0.00000,0.00000,0.00000,0.00000,-0.00000,0.00000,0.00000,-0.00000
30.8040,0.0000,0.0000,0.0000,0,0.00000,0.00000,0.00000,0.00000,-0.00000,0.00000,0.00000,-0.00000
30.8542,0.0000,0.0000,0.0000,0,0.00000,0.00000,0.00000,0.00000,-0.00000,0.00000,0.00000,-0.00000
30.9043,0.0000,0.0000,0.0000,0,0.00000,0.00000,0.00000,0.00000,-0.00000,0.00000,0.00000,-0.00000
30.9545,0.0000,0.0000,0.0000,0,0.00000,0.00000,0.00000,0.00000,-0.00000,0.00000,0.00000,-0.00000
31.0046,0.0000,0.0000,0.0000,0,0.00000,0.00000,0.00000,0.00000,-0.00000,0.00000,0.00000,-0.00000
31.0546,0.0000,0.0000,0.0000,0,0.00000,0.00000,0.00000,0.00000,-0.00000,0.00000,0.00000,-0.00000
31.1052,0.0000,0.0000,0.0000,0,0.00000,0.00000,0.00000,0.00000,-0.00000,0.00000,0.00000,-0.00000
31.1560,0.0000,0.0000,0.0000,0,0.00000,0.00000,0.00000,0.00000,-0.00000,0.00000,0.00000,-0.00000
31.2067,0.0000,0.0000,0.0000,0,0.00000,0.00000,0.00000,0.00000,-0.00000,0.00000,0.00000,-0.00000
31.2570,0.0000,0.0000,0.0000,0,0.00000,0.00000,0.00000,0.00000,-0.00000,0.00000,0.00000,-0.00000
31.3077,0.0000,0.0000,0.0000,0,0.00000,0.00000,0.00000,0.00000,-0.00000,0.00000,0.00000,-0.00000
31.3585,0.0000,0.0000,0.0000,0,0.00000,0.00000,0.00000,0.00000,-0.00000,0.00000,0.00000,-0.00000
31.4089,0.0000,0.0000,0.0000,0,0.00000,0.00000,0.00000,0.00000,-0.00000,0.00000,0.00000,-0.00000
31.4589,0.0000,0.0000,0.0000,0,0.00000,0.00000,0.00000,0.00000,-0.00000,0.00000,0.00000,-0.00000
31.5098,0.0000,0.0000,0.0000,0,0.00000,0.00000,0.00000,0.00000,-0.00000,0.00000,0.00000,-0.00000
31.5604,0.0000,0.0000,0.0000,0,0.00000,0.00000,0.00000,0.00000,-0.00000,0.00000,0.00000,-0.00000
31.6113,0.0000,0.0000,0.0000,0,0.00000,0.00000,0.00000,0.00000,-0.00000,0.00000,0.00000,-0.00000
31.6618,0.0000,0.0000,0.0000,0,0.00000,0.00000,0.00000,0.00000,-0.00000,0.00000,0.00000,-0.00000
31.7125,0.0000,0.0000,0.0000,0,0.00000,0.00000,0.00000,0.00000,-0.00000,0.00000,0.00000,-0.00000
31.7631,0.0000,0.0000,0.0000,0,0.00000,0.00000,0.00000,0.00000,-0.00000,0.00000,0.00000,-0.00000
