timestamp,mode,franka_x,franka_y,franka_z,vx,vy,vz,wz,pwm1,pwm2,pwm3,sm_x,sm_y,sm_z,sm_yaw,btn0,btn_other
2026-08-23 21:42:47.850101,franka,0.46320,0.09510,0.44141,0.00000,0.00000,0.00000,0.00000,7.00,21.00,0.00,0.0000,0.0000,0.0000,0.0000,0,0
2026-08-23 21:42:47.901145,franka,0.46320,0.09510,0.44141,0.00000,0.00000,0.00000,0.00000,7.00,21.00,0.00,0.0000,0.0000,0.0000,0.0000,0,0
2026-08-23 21:42:47.952091,franka,0.46320,0.09510,0.44141,0.00000,0.00000,0.00000,0.00000,7.00,21.00,0.00,0.0000,0.0000,0.0000,0.0000,0,0
2026-08-23 21:42:48.003045,franka,0.46320,0.09510,0.44141,0.00000,0.00000,0.00000,0.00000,7.00,21.00,0.00,0.0000,0.0000,0.0000,0.0000,0,0
2026-08-23 21:42:48.054504,franka,0.46320,0.09510,0.44141,0.00000,0.00000,0.00000,0.00000,7.00,21.00,0.00,0.0000,0.0000,0.0000,0.0000,0,0
2026-08-23 21:42:48.105732,franka,0.46320,0.09510,0.44141,0.00000,0.00000,0.00000,0.00000,7.00,21.00,0.00,0.0000,0.0000,0.0000,0.0000,0,0
2026-08-23 21:42:48.156538,franka,0.46320,0.09510,0.44141,0.00000,0.00000,0.00000,0.00000,7.00,21.00,0.00,0.0000,0.0000,0.0000,0.0000,0,0
2026-08-23 21:42:48.207570,franka,0.46320,0.09510,0.44141,0.00000,0.00000,0.00000,0.00000,7.00,21.00,0.00,0.0000,0.0000,0.0000,0.0000,0,0
2026-08-23 21:42:48.258615,franka,0.46320,0.09510,0.44141,0.00000,0.00000,0.00000,0.00000,7.00,21.00,0.00,0.0000,0.0000,0.0000,0.0000,0,0
2026-08-23 21:42:48.309809,franka,0.46320,0.09510,0.44141,0.00000,0.00000,0.00000,0.00000,7.00,21.00,0.00,0.0000,0.0000,0.0000,0.0000,0,0
2026-08-23 21:42:48.360840,franka,0.46320,0.09510,0.44141,0.00000,0.00000,0.00000,0.00000,7.00,21.00,0.00,0.0000,0.0000,0.0000,0.0000,0,0
2026-08-23 21:42:48.411971,franka,0.46320,0.09510,0.44140,0.00000,0.00000,0.00000,0.00000,7.00,21.00,0.00,0.0000,0.0000,0.0000,0.0000,0,0
2026-08-23 21:42:48.462775,franka,0.46320,0.09510,0.44141,0.00000,0.00000,0.00000,0.00000,7.00,21.00,0.00,0.0000,0.0000,0.0000,0.0000,0,0
2026-08-23 21:42:48.513580,franka,0.46320,0.09510,0.44141,0.00000,0.00000,0.00000,0.00000,7.00,21.00,0.00,0.0000,0.0000,0.0000,0.0000,0,0
2026-08-23 21:42:48.564307,franka,0.46320,0.09510,0.44141,0.00000,0.00000,0.00000,0.00000,7.00,21.00,0.00,0.0000,0.0000,0.0000,0.0000,0,0
2026-08-23 21:42:48.615233,franka,0.46320,0.09510,0.44141,0.00000,0.00000,0.00000,0.00000,7.00,21.00,0.00,0.0000,0.0000,0.0000,0.0000,0,0
2026-08-23 21:42:48.666172,franka,0.46320,0.09510,0.44141,0.00000,0.00000,0.00000,0.00000,7.00,21.00,0.00,0.0000,0.0000,0.0000,0.0000,0,0
2026-08-23 21:42:48.716832,franka,0.46320,0.09510,0.44141,0.00000,0.00000,0.00000,0.00000,7.00,21.00,0.00,0.0000,0.0000,0.0000,0.0000,0,0
2026-08-23 21:42:48.767752,franka,0.46320,0.09510,0.44141,0.00000,0.00000,0.00000,0.00000,7.00,21.00,0.00,0.0000,0.0000,0.0000,0.0000,0,0
2026-08-23 21:42:48.818629,franka,0.46320,0.09510,0.44141,0.00000,0.00000,0.00000,0.00000,7.00,21.00,0.00,0.0000,0.0000,0.0000,0.0000,0,0
2026-08-23 21:42:48.869362,franka,0.46320,0.09510,0.44141,0.00000,0.00000,0.00000,0.00000,7.00,21.00,0.00,0.0000,-0.0314,-0.1029,0.0457,0,0
2026-08-23 21:42:48.920092,franka,0.46320,0.09510,0.44141,0.00000,0.00000,0.00000,0.00000,7.00,21.00,0.00,-0.0600,-0.0914,-0.1086,0.1171,0,0
2026-08-23 21:42:48.970921,franka,0.46320,0.09510,0.44141,0.00000,0.00000,0.00000,0.00000,7.00,21.00,0.00,-0.0600,-0.0914,-0.1086,0.1171,0,0
2026-08-23 21:42:49.021647,franka,0.46320,0.09510,0.44141,0.00000,0.00000,0.00000,0.00000,7.00,21.00,0.00,0.0000,0.0000,0.0000,0.0000,0,0
2026-08-23 21:42:49.072355,franka,0.46320,0.09510,0.44141,0.00000,0.00000,0.00000,0.00000,7.00,21.00,0.00,0.0000,0.0000,0.0000,0.0000,0,0
2026-08-23 21:42:49.123155,franka,0.46320,0.09510,0.44141,0.00000,0.00000,0.00000,0.00000,7.00,21.00,0.00,0.0000,0.0000,0.0000,0.0000,0,0
2026-08-23 21:42:49.173962,franka,0.46320,0.09510,0.44141,0.00000,0.00000,0.00000,0.00000,7.00,21.00,0.00,0.0000,0.0000,0.0000,0.0000,0,0
2026-08-23 21:42:49.224929,franka,0.46320,0.09510,0.44141,0.00000,0.00000,0.00000,0.00000,7.00,21.00,0.00,0.0000,0.0000,0.0000,0.0000,0,0
2026-08-23 21:42:49.275889,franka,0.46320,0.09510,0.44141,0.00000,0.00000,0.00000,0.00000,7.00,21.00,0.00,0.0000,0.0000,0.0000,0.0000,0,0
2026-08-23 21:42:49.326877,franka,0.46320,0.09510,0.44141,0.00000,0.00000,0.00000,0.00000,7.00,21.00,0.00,0.0000,0.0000,0.0000,0.0000,0,0
2026-08-23 21:42:49.377763,franka,0.46320,0.09510,0.44141,0.00000,0.00000,0.00000,0.00000,7.00,21.00,0.00,0.0000,0.0000,0.0000,0.0000,0,0
2026-08-23 21:42:49.428704,franka,0.46320,0.09510,0.44141,0.00000,0.00000,0.00000,0.00000,7.00,21.00,0.00,0.0000,0.0000,0.0000,0.0000,0,0
2026-08-23 21:42:49.479639,franka,0.46320,0.09510,0.44141,0.00000,0.00000,0.00000,0.00000,7.00,21.00,0.00,0.0000,0.0000,0.0000,0.0000,0,0
2026-08-23 21:42:49.530343,franka,0.46320,0.09510,0.44141,0.00000,0.00000,0.00000,0.00000,7.00,21.00,0.00,0.0000,0.0000,0.0000,0.0000,0,0
2026-08-23 21:42:49.581190,franka,0.46320,0.09510,0.44141,0.00000,0.00000,0.00000,0.00000,7.00,21.00,0.00,0.0000,0.0000,0.0000,0.0000,0,0
2026-08-23 21:42:49.631910,franka,0.46320,0.09510,0.44141,0.00000,0.00000,0.00000,0.00000,7.00,21.00,0.00,0.0000,0.0000,0.0000,0.0000,0,0
2026-08-23 21:42:49.682581,franka,0.46320,0.09510,0.44141,0.00000,0.00000,0.00000,0.00000,7.00,21.00,0.00,0.0000,0.0000,0.0000,0.0086,0,0
2026-08-23 21:42:49.733523,franka,0.46320,0.09510,0.44141,0.00000,0.00000,0.00000,0.00000,7.00,21.00,0.00,0.0000,0.0000,0.0000,0.0086,0,0
2026-08-23 21:42:49.784205,franka,0.46320,0.09510,0.44141,0.00000,0.00000,0.00000,0.00000,7.00,21.00,0.00,0.0000,0.0000,0.0000,0.0057,0,0
2026-08-23 21:42:49.834932,franka,0.46320,0.09510,0.44141,0.00000,0.00000,0.00000,0.00000,7.00,21.00,0.00,0.0000,0.0000,0.0000,0.0057,0,0
2026-08-23 21:42:49.885813,franka,0.46320,0.09510,0.44141,0.00000,0.00000,0.00000,0.00000,7.00,21.00,0.00,0.0000,0.0457,0.0000,0.0000,0,0
2026-08-23 21:42:49.936652,franka,0.46320,0.09510,0.44141,0.00000,0.00000,0.00000,0.00000,7.00,21.00,0.00,0.0000,0.0429,0.0000,0.0000,0,0
2026-08-23 21:42:49.987667,franka,0.46320,0.09510,0.44141,0.00000,0.00000,0.00000,0.00000,7.00,21.00,0.00,0.0000,0.0086,0.0000,0.0000,0,0
2026-08-23 21:42:50.038338,franka,0.46320,0.09510,0.44141,0.00000,0.00000,0.00000,0.00000,7.00,21.00,0.00,0.0000,0.0000,0.0000,0.0000,0,0
2026-08-23 21:42:50.089102,franka,0.46320,0.09510,0.44141,0.00000,0.00000,0.00000,0.00000,7.00,21.00,0.00,0.0000,0.0000,0.0000,0.0000,0,0
2026-08-23 21:42:50.140060,franka,0.46320,0.09510,0.44141,0.00000,0.00000,0.00000,0.00000,7.00,21.00,0.00,0.0000,0.0000,0.0000,0.0000,0,0
2026-08-23 21:42:50.190910,franka,0.46320,0.09510,0.44141,0.00000,0.00000,0.00000,0.00000,7.00,21.00,0.00,0.0000,0.0000,0.0000,0.0000,0,0
2026-08-23 21:42:50.241875,franka,0.46320,0.09510,0.44140,0.00000,0.00000,0.00000,0.00000,7.00,21.00,0.00,0.0000,0.0000,0.0000,0.0000,0,0
2026-08-23 21:42:50.292805,franka,0.46320,0.09510,0.44141,0.00000,0.00000,0.00000,0.00000,7.00,21.00,0.00,0.0000,0.0629,0.0000,0.0000,0,0
2026-08-23 21:42:50.343668,franka,0.46320,0.09510,0.44141,0.00000,0.00000,0.00000,0.00000,7.00,21.00,0.00,0.0000,0.1029,0.0000,-0.0143,0,0
2026-08-23 21:42:50.394536,franka,0.46320,0.09510,0.44141,0.00000,0.00000,0.00000,0.00000,7.00,21.00,0.00,0.0000,0.1029,0.0000,-0.0143,0,0
2026-08-23 21:42:50.445504,franka,0.46320,0.09510,0.44141,0.00000,0.00000,0.00000,0.00000,7.00,21.00,0.00,0.0600,0.4914,0.0000,-0.2200,0,0
2026-08-23 21:42:50.496232,franka,0.46320,0.09510,0.44141,0.00000,0.00000,0.00000,0.00000,7.00,21.00,0.00,0.0771,0.8086,-0.0657,-0.3371,0,0
2026-08-23 21:42:50.547109,franka,0.46320,0.09557,0.44141,0.00000,0.02757,0.00000,0.00000,7.00,21.00,0.00,0.0514,0.7114,-0.0457,-0.2971,0,0
2026-08-23 21:42:50.598006,franka,0.46321,0.09705,0.44146,0.00000,0.03000,0.00000,0.00000,7.00,21.00,0.00,0.0257,0.6114,-0.0200,-0.2571,0,0
2026-08-23 21:42:50.648909,franka,0.46318,0.09869,0.44142,0.00000,0.03000,0.00000,0.00000,7.00,21.00,0.00,0.0257,0.6114,-0.0200,-0.2571,0,0
2026-08-23 21:42:50.699957,franka,0.46319,0.10016,0.44142,0.00000,0.03000,0.00000,0.00000,7.00,21.00,0.00,0.0257,0.6114,-0.0200,-0.2571,0,0
2026-08-23 21:42:50.751143,franka,0.46319,0.10162,0.44144,0.00000,0.03000,0.00000,0.00000,7.00,21.00,0.00,0.0257,0.6114,-0.0200,-0.2571,0,0
2026-08-23 21:42:50.802280,franka,0.46319,0.10319,0.44143,0.00000,0.03000,0.00000,0.00000,7.00,21.00,0.00,0.0257,0.6114,-0.0200,-0.2571,0,0
2026-08-23 21:42:50.853238,franka,0.46319,0.10468,0.44143,0.00000,0.03000,0.00000,0.00000,7.00,21.00,0.00,0.0257,0.6114,-0.0200,-0.2571,0,0
2026-08-23 21:42:50.904165,franka,0.46319,0.10620,0.44143,0.00000,0.03000,0.00000,0.00000,7.00,21.00,0.00,0.0257,0.6114,-0.0200,-0.2571,0,0
2026-08-23 21:42:50.954933,franka,0.46319,0.10767,0.44144,0.00000,0.03000,0.00000,0.00000,7.00,21.00,0.00,0.0257,0.6114,-0.0200,-0.2571,0,0
2026-08-23 21:42:51.006060,franka,0.46320,0.10921,0.44144,0.00000,0.03000,0.00000,0.00000,7.00,21.00,0.00,0.0257,0.6114,-0.0200,-0.2571,0,0
2026-08-23 21:42:51.057130,franka,0.46319,0.11076,0.44143,0.00000,0.02932,0.00000,0.00000,7.00,21.00,0.00,0.0000,0.0400,0.0000,-0.0714,0,0
2026-08-23 21:42:51.108127,franka,0.46319,0.11150,0.44146,0.00000,0.00006,0.00000,0.00000,7.00,21.00,0.00,0.0000,0.0400,0.0000,-0.0714,0,0
2026-08-23 21:42:51.159113,franka,0.46319,0.11149,0.44144,0.00000,0.00000,0.00000,0.00000,7.00,21.00,0.00,0.0000,0.0400,0.0000,-0.0714,0,0
2026-08-23 21:42:51.209994,franka,0.46321,0.11144,0.44144,0.00000,0.00000,0.00000,0.00000,7.00,21.00,0.00,0.0000,0.0400,0.0000,-0.0714,0,0
2026-08-23 21:42:51.260688,franka,0.46319,0.11148,0.44144,0.00000,0.00000,0.00000,0.00000,7.00,21.00,0.00,0.0000,0.0400,0.0000,-0.0714,0,0
2026-08-23 21:42:51.311354,franka,0.46320,0.11148,0.44144,0.00000,0.00000,0.00000,0.00000,7.00,21.00,0.00,0.0000,0.0400,0.0000,-0.0714,0,0
2026-08-23 21:42:51.362181,franka,0.46319,0.11148,0.44144,0.00000,0.00000,0.00000,0.00000,7.00,21.00,0.00,0.0000,0.0829,0.0000,-0.0600,0,0
2026-08-23 21:42:51.413117,franka,0.46320,0.11148,0.44144,0.00000,0.00000,0.00000,0.00000,7.00,21.00,0.00,0.0000,0.0829,0.0000,-0.0600,0,0
2026-08-23 21:42:51.463902,franka,0.46320,0.11147,0.44144,0.00000,0.00000,0.00000,0.00000,7.00,21.00,0.00,0.0371,0.1886,0.0000,-0.1114,0,0
2026-08-23 21:42:51.514965,franka,0.46319,0.11149,0.44144,0.00000,0.00000,0.00000,0.00000,7.00,21.00,0.00,0.1086,0.6086,-0.0629,-0.2714,0,0
2026-08-23 21:42:51.565979,franka,0.46320,0.11147,0.44144,0.00000,0.00292,0.00000,0.00000,7.00,21.00,0.00,0.1314,0.7429,-0.0857,-0.2943,0,0
2026-08-23 21:42:51.617230,franka,0.46322,0.11227,0.44144,0.00000,0.02999,0.00000,0.00000,7.00,21.00,0.00,0.1286,0.7143,-0.0829,-0.2914,0,0
2026-08-23 21:42:51.668075,franka,0.46319,0.11390,0.44144,0.00000,0.03000,0.00000,0.00000,7.00,21.00,0.00,0.1229,0.6686,-0.0714,-0.2771,0,0
2026-08-23 21:42:51.719148,franka,0.46319,0.11545,0.44143,0.00000,0.03000,0.00000,0.00000,7.00,21.00,0.00,0.0829,0.5200,-0.0200,-0.2286,0,0
2026-08-23 21:42:51.770176,franka,0.46320,0.11688,0.44144,0.00000,0.03000,0.00000,0.00000,7.00,21.00,0.00,0.0743,0.4657,-0.0114,-0.2143,0,0
2026-08-23 21:42:51.821163,franka,0.46318,0.11848,0.44143,0.00000,0.03000,0.00000,0.00000,7.00,21.00,0.00,0.0600,0.4114,0.0000,-0.1971,0,0
2026-08-23 21:42:51.871986,franka,0.46319,0.11998,0.44141,0.00000,0.03000,0.00000,0.00000,7.00,21.00,0.00,0.0600,0.4114,0.0000,-0.1971,0,0
2026-08-23 21:42:51.922954,franka,0.46320,0.12145,0.44142,0.00000,0.03000,0.00000,0.00000,7.00,21.00,0.00,0.0600,0.4114,0.0000,-0.1971,0,0
2026-08-23 21:42:51.973721,franka,0.46319,0.12299,0.44143,0.00000,0.03000,0.00000,0.00000,7.00,21.00,0.00,0.0600,0.4114,0.0000,-0.1971,0,0
2026-08-23 21:42:52.024534,franka,0.46319,0.12451,0.44144,0.00000,0.03000,0.00000,0.00000,7.00,21.00,0.00,0.0371,0.2943,0.0000,-0.1543,0,0
2026-08-23 21:42:52.075374,franka,0.46319,0.12605,0.44144,0.00000,0.02828,0.00000,0.00000,7.00,21.00,0.00,0.0057,0.1086,0.0000,-0.0714,0,0
2026-08-23 21:42:52.126114,franka,0.46318,0.12674,0.44145,0.00000,0.00002,0.00000,0.00000,7.00,21.00,0.00,0.0029,0.0343,0.0000,-0.0314,0,0
2026-08-23 21:42:52.177124,franka,0.46320,0.12669,0.44145,0.00000,0.00000,0.00000,0.00000,7.00,21.00,0.00,0.0000,0.0000,0.0000,-0.0229,0,0
2026-08-23 21:42:52.228243,franka,0.46321,0.12667,0.44145,0.00000,0.00000,0.00000,0.00000,7.00,21.00,0.00,0.0000,0.0000,0.0000,-0.0229,0,0
2026-08-23 21:42:52.279553,franka,0.46319,0.12673,0.44145,0.00000,0.00000,0.00000,0.00000,7.00,21.00,0.00,0.0000,0.0000,0.0000,0.0000,0,0
2026-08-23 21:42:52.330679,franka,0.46320,0.12670,0.44145,0.00000,0.00000,0.00000,0.00000,7.00,21.00,0.00,0.0000,0.0000,0.0000,0.0000,0,0
2026-08-23 21:42:52.381681,franka,0.46320,0.12672,0.44145,0.00000,0.00000,0.00000,0.00000,7.00,21.00,0.00,0.0000,0.0000,0.0000,0.0000,0,0
2026-08-23 21:42:52.432481,franka,0.46320,0.12671,0.44145,0.00000,-0.00000,0.00000,0.00000,7.00,21.00,0.00,0.0000,0.0000,0.0000,0.0000,0,0
2026-08-23 21:42:52.483440,franka,0.46320,0.12670,0.44145,0.00000,-0.00000,0.00000,0.00000,7.00,21.00,0.00,0.0000,0.0000,0.0000,0.0000,0,0
2026-08-23 21:42:52.534377,franka,0.46319,0.12672,0.44145,0.00000,-0.00000,0.00000,0.00000,7.00,21.00,0.00,0.0000,0.0000,0.0000,0.0000,0,0
2026-08-23 21:42:52.585092,franka,0.46320,0.12670,0.44145,0.00000,-0.00000,0.00000,0.00000,7.00,21.00,0.00,0.0000,0.0000,0.0000,0.0000,0,0
2026-08-23 21:42:52.636231,franka,0.46320,0.12671,0.44145,0.00000,0.00000,0.00000,0.00000,7.00,21.00,0.00,0.0000,0.0000,0.0000,0.0000,0,0
2026-08-23 21:42:52.687204,franka,0.46319,0.12673,0.44145,0.00000,0.00000,0.00000,0.00000,7.00,21.00,0.00,0.0000,0.0000,0.0000,0.0000,0,0
2026-08-23 21:42:52.738169,franka,0.46320,0.12670,0.44145,0.00000,0.00000,0.00000,0.00000,7.00,21.00,0.00,0.0000,0.0000,0.0000,0.0000,0,0
2026-08-23 21:42:52.789132,franka,0.46320,0.12671,0.44145,0.00000,0.00000,0.00000,0.00000,7.00,21.00,0.00,0.0000,0.0000,0.0000,0.0000,0,0
2026-08-23 21:42:52.840062,franka,0.46320,0.12672,0.44145,0.00000,0.00000,0.00000,0.00000,7.00,21.00,0.00,0.0000,0.0000,0.0000,0.0000,0,0
2026-08-23 21:42:52.891093,franka,0.46320,0.12671,0.44145,0.00000,0.00000,0.00000,0.00000,7.00,21.00,0.00,0.0000,0.0000,0.0000,0.0000,0,0
2026-08-23 21:42:52.942469,franka,0.46320,0.12671,0.44145,0.00000,0.00000,0.00000,0.00000,7.00,21.00,0.00,0.0000,0.0000,0.0000,0.0000,0,0
2026-08-23 21:42:52.993824,franka,0.46320,0.12671,0.44145,0.00000,0.00000,0.00000,0.00000,7.00,21.00,0.00,0.0000,0.0000,0.0000,0.0000,0,0
2026-08-23 21:42:53.045208,franka,0.46320,0.12671,0.44145,0.00000,0.00000,0.00000,0.00000,7.00,21.00,0.00,0.0000,0.0000,0.0000,0.0000,0,0
2026-08-23 21:42:53.096632,franka,0.46320,0.12671,0.44145,0.00000,0.00000,0.00000,0.00000,7.00,21.00,0.00,0.0000,0.0000,0.0000,0.0000,0,0
2026-08-23 21:42:53.148181,franka,0.46320,0.12672,0.44145,0.00000,0.00000,0.00000,0.00000,7.00,21.00,0.00,0.0000,0.0000,0.0000,0.0000,0,0
2026-08-23 21:42:53.199344,franka,0.46320,0.12671,0.44145,0.00000,0.00000,0.00000,0.00000,7.00,21.00,0.00,0.0000,0.0000,0.0000,0.0000,0,0
2026-08-23 21:42:53.250394,franka,0.46320,0.12671,0.44145,0.00000,0.00000,0.00000,0.00000,7.00,21.00,0.00,0.0000,0.0000,0.0000,0.0000,0,0
2026-08-23 21:42:53.301228,franka,0.46320,0.12671,0.44145,0.00000,0.00000,0.00000,0.00000,7.00,21.00,0.00,0.0000,0.0000,0.0000,0.0000,0,0
2026-08-23 21:42:53.351931,franka,0.46320,0.12671,0.44145,0.00000,0.00000,0.00000,0.00000,7.00,21.00,0.00,0.0000,0.0000,0.0000,0.0000,0,0
2026-08-23 21:42:53.403029,franka,0.46320,0.12671,0.44145,0.00000,0.00000,0.00000,0.00000,7.00,21.00,0.00,0.0000,0.0000,0.0000,0.0000,0,0
2026-08-23 21:42:53.454266,franka,0.46320,0.12671,0.44145,0.00000,0.00000,0.00000,0.00000,7.00,21.00,0.00,0.0000,0.0000,0.0000,0.0000,0,0
2026-08-23 21:42:53.505591,franka,0.46320,0.12671,0.44145,0.00000,0.00000,0.00000,0.00000,7.00,21.00,0.00,0.0000,0.0000,0.0000,0.0000,0,0
2026-08-23 21:42:53.557095,franka,0.46320,0.12671,0.44145,0.00000,0.00000,0.00000,0.00000,7.00,21.00,0.00,0.0000,0.0000,0.0000,0.0000,0,0
2026-08-23 21:42:53.608419,franka,0.46320,0.12671,0.44145,0.00000,0.00000,0.00000,0.00000,7.00,21.00,0.00,0.0000,0.0000,0.0000,0.0000,0,0
2026-08-23 21:42:53.659856,franka,0.46320,0.12672,0.44145,0.00000,0.00000,0.00000,0.00000,7.00,21.00,0.00,0.0000,0.0000,0.0000,0.0000,0,0
2026-08-23 21:42:53.711004,franka,0.46320,0.12671,0.44145,0.00000,0.00000,0.00000,0.00000,7.00,21.00,0.00,0.0000,0.0000,0.0000,0.0000,0,0
2026-08-23 21:42:53.762402,franka,0.46320,0.12671,0.44145,0.00000,0.00000,0.00000,0.00000,7.00,21.00,0.00,0.0000,0.0000,0.0000,0.0000,0,0
2026-08-23 21:42:53.813778,franka,0.46320,0.12671,0.44145,0.00000,0.00000,0.00000,0.00000,7.00,21.00,0.00,0.0000,0.0000,0.0000,0.0000,0,0
2026-08-23 21:42:53.865140,franka,0.46320,0.12671,0.44145,0.00000,0.00000,0.00000,0.00000,7.00,21.00,0.00,0.0000,0.0000,0.0000,0.0000,0,0
2026-08-23 21:42:53.916221,franka,0.46320,0.12671,0.44145,0.00000,0.00000,0.00000,0.00000,7.00,21.00,0.00,0.0000,0.0000,0.0000,0.0000,0,0
2026-08-23 21:42:53.967190,franka,0.46320,0.12671,0.44145,0.00000,0.00000,0.00000,0.00000,7.00,21.00,0.00,0.0000,0.0000,0.0000,0.0000,0,0
2026-08-23 21:42:54.018293,franka,0.46320,0.12671,0.44145,0.00000,0.00000,0.00000,0.00000,7.00,21.00,0.00,0.0000,0.0000,0.0000,0.0000,0,0
2026-08-23 21:42:54.069299,franka,0.46320,0.12671,0.44145,0.00000,0.00000,0.00000,0.00000,7.00,21.00,0.00,0.0000,0.0000,0.0000,0.0000,0,0
2026-08-23 21:42:54.120338,franka,0.46320,0.12671,0.44145,0.00000,0.00000,0.00000,0.00000,7.00,21.00,0.00,0.0000,0.0000,0.0000,0.0000,0,0
2026-08-23 21:42:54.171362,franka,0.46320,0.12671,0.44145,0.00000,0.00000,0.00000,0.00000,7.00,21.00,0.00,0.0000,0.0000,0.0000,0.0000,0,0
2026-08-23 21:42:54.222018,franka,0.46320,0.12668,0.44145,0.00000,-0.00612,0.00000,0.00000,7.00,21.00,0.00,0.0657,-1.0000,-0.1314,0.0000,0,0
2026-08-23 21:42:54.272828,franka,0.46319,0.12581,0.44145,0.00000,-0.03000,0.00000,0.00000,7.00,21.00,0.00,0.0371,-1.0000,-0.1314,0.0000,0,0
2026-08-23 21:42:54.323619,franka,0.46321,0.12420,0.44144,0.00000,-0.03000,0.00000,0.00000,7.00,21.00,0.00,0.0371,-1.0000,-0.1314,0.0000,0,0
2026-08-23 21:42:54.374477,franka,0.46321,0.12264,0.44145,0.00000,-0.03000,0.00000,0.00000,7.00,21.00,0.00,0.0371,-1.0000,-0.1314,0.0000,0,0
2026-08-23 21:42:54.425311,franka,0.46319,0.12121,0.44141,0.00000,-0.03000,0.00000,0.00000,7.00,21.00,0.00,0.0371,-1.0000,-0.1314,0.0000,0,0
2026-08-23 21:42:54.476073,franka,0.46321,0.11963,0.44141,0.00000,-0.03000,0.00000,0.00000,7.00,21.00,0.00,0.0371,-1.0000,-0.1314,0.0000,0,0
2026-08-23 21:42:54.527003,franka,0.46321,0.11814,0.44143,0.00000,-0.03000,0.00000,0.00000,7.00,21.00,0.00,0.0371,-1.0000,-0.1314,0.0000,0,0
2026-08-23 21:42:54.577914,franka,0.46320,0.11664,0.44143,0.00000,-0.03000,0.00000,0.00000,7.00,21.00,0.00,0.0000,-0.0086,0.0000,0.0000,0,0
2026-08-23 21:42:54.629114,franka,0.46321,0.11554,0.44142,0.00000,-0.00568,0.00000,0.00000,7.00,21.00,0.00,0.0000,-0.0114,0.0000,0.0000,0,0
2026-08-23 21:42:54.680103,franka,0.46323,0.11543,0.44144,0.00000,-0.00000,0.00000,0.00000,7.00,21.00,0.00,0.0000,-0.0114,0.0000,0.0000,0,0
2026-08-23 21:42:54.731269,franka,0.46319,0.11556,0.44142,0.00000,-0.00000,0.00000,0.00000,7.00,21.00,0.00,0.0000,-0.0343,0.0000,0.0000,0,0
2026-08-23 21:42:54.782651,franka,0.46321,0.11550,0.44143,0.00000,-0.00000,0.00000,0.00000,7.00,21.00,0.00,0.0086,0.0000,0.0000,0.0000,0,0
2026-08-23 21:42:54.833673,franka,0.46321,0.11549,0.44143,0.00000,-0.00000,0.00000,0.00000,7.00,21.00,0.00,0.0086,0.0000,0.0000,0.0000,0,0
2026-08-23 21:42:54.884316,franka,0.46321,0.11549,0.44143,0.00000,-0.00000,0.00000,0.00000,7.00,21.00,0.00,0.0086,0.0000,0.0000,0.0000,0,0
2026-08-23 21:42:54.935130,franka,0.46321,0.11548,0.44143,0.00000,-0.00000,0.00000,0.00000,7.00,21.00,0.00,0.0086,0.0000,0.0000,0.0000,0,0
2026-08-23 21:42:54.986122,franka,0.46321,0.11552,0.44143,0.00000,-0.00000,0.00000,0.00000,7.00,21.00,0.00,0.0086,0.0000,0.0000,0.0000,0,0
2026-08-23 21:42:55.036962,franka,0.46321,0.11548,0.44144,0.00000,-0.00000,0.00000,0.00000,7.00,21.00,0.00,0.0086,0.0000,0.0000,0.0000,0,0
2026-08-23 21:42:55.088026,franka,0.46321,0.11549,0.44143,0.00000,-0.00000,0.00000,0.00000,7.00,21.00,0.00,0.0086,0.0000,0.0000,0.0000,0,0
2026-08-23 21:42:55.138968,franka,0.46321,0.11551,0.44143,0.00000,-0.00000,0.00000,0.00000,7.00,21.00,0.00,0.0086,0.0000,0.0000,0.0000,0,0
2026-08-23 21:42:55.189842,franka,0.46321,0.11548,0.44144,0.00000,-0.00000,0.00000,0.00000,7.00,21.00,0.00,0.0086,0.0000,0.0000,0.0000,0,0
2026-08-23 21:42:55.240834,franka,0.46321,0.11550,0.44143,0.00000,-0.00000,0.00000,0.00000,7.00,21.00,0.00,0.0086,0.0000,0.0000,0.0000,0,0
2026-08-23 21:42:55.291971,franka,0.46321,0.11550,0.44144,0.00000,-0.00231,0.00000,0.00000,7.00,21.00,0.00,0.2143,-1.0000,-0.1200,0.0000,0,0
2026-08-23 21:42:55.343187,franka,0.46320,0.11470,0.44144,0.00172,-0.02924,0.00000,0.00000,7.00,21.00,0.00,0.2086,-1.0000,-0.1314,0.0000,0,0
2026-08-23 21:42:55.394308,franka,0.46390,0.11345,0.44146,0.02121,-0.02121,0.00000,0.00000,7.00,21.00,0.00,0.2086,-1.0000,-0.1314,0.0000,0,0
2026-08-23 21:42:55.445230,franka,0.46498,0.11233,0.44142,0.02121,-0.02121,0.00000,0.00000,7.00,21.00,0.00,0.2086,-1.0000,-0.1314,0.0000,0,0
2026-08-23 21:42:55.496333,franka,0.46605,0.11133,0.44136,0.02121,-0.02121,0.00000,0.00000,7.00,21.00,0.00,0.2086,-1.0000,-0.1314,0.0000,0,0
2026-08-23 21:42:55.547244,franka,0.46714,0.11022,0.44144,0.02121,-0.02121,0.00000,0.00000,7.00,21.00,0.00,0.2086,-1.0000,-0.1314,0.0000,0,0
2026-08-23 21:42:55.598025,franka,0.46819,0.10915,0.44153,0.02121,-0.02121,0.00000,0.00000,7.00,21.00,0.00,0.2086,-1.0000,-0.1314,0.0000,0,0
2026-08-23 21:42:55.649096,franka,0.46927,0.10808,0.44139,0.02121,-0.02121,0.00000,0.00000,7.00,21.00,0.00,0.2086,-1.0000,-0.1314,0.0000,0,0
2026-08-23 21:42:55.700273,franka,0.47034,0.10700,0.44142,0.02121,-0.02121,0.00000,0.00000,7.00,21.00,0.00,0.1971,-1.0000,-0.1286,0.0000,0,0
2026-08-23 21:42:55.751128,franka,0.47122,0.10587,0.44152,0.00470,-0.02797,0.00000,0.00000,7.00,21.00,0.00,0.1971,-1.0000,-0.1286,0.0000,0,0
2026-08-23 21:42:55.801809,franka,0.47126,0.10439,0.44139,0.00000,-0.03000,0.00000,0.00000,7.00,21.00,0.00,0.1971,-1.0000,-0.1286,0.0000,0,0
2026-08-23 21:42:55.852544,franka,0.47128,0.10280,0.44140,0.00000,-0.03000,0.00000,0.00000,7.00,21.00,0.00,0.1971,-1.0000,-0.1286,0.0000,0,0
2026-08-23 21:42:55.903396,franka,0.47129,0.10132,0.44153,-0.00000,-0.03000,0.00000,0.00000,7.00,21.00,0.00,0.1971,-1.0000,-0.1286,0.0000,0,0
2026-08-23 21:42:55.954386,franka,0.47129,0.09977,0.44139,-0.00000,-0.03000,0.00000,0.00000,7.00,21.00,0.00,0.1971,-1.0000,-0.1286,0.0000,0,0
2026-08-23 21:42:56.005353,franka,0.47130,0.09825,0.44143,-0.00000,-0.03000,0.00000,0.00000,7.00,21.00,0.00,0.1143,-1.0000,-0.1314,0.0000,0,0
2026-08-23 21:42:56.056360,franka,0.47128,0.09677,0.44146,-0.00000,-0.03000,0.00000,0.00000,7.00,21.00,0.00,0.1143,-1.0000,-0.1314,0.0000,0,0
2026-08-23 21:42:56.107473,franka,0.47130,0.09520,0.44145,0.00000,-0.03000,0.00000,0.00000,7.00,21.00,0.00,0.1143,-1.0000,-0.1314,0.0000,0,0
2026-08-23 21:42:56.159074,franka,0.47129,0.09372,0.44140,0.00000,-0.03000,0.00000,0.00000,7.00,21.00,0.00,0.1143,-1.0000,-0.1314,0.0000,0,0
2026-08-23 21:42:56.210232,franka,0.47129,0.09224,0.44145,0.00000,-0.03000,0.00000,0.00000,7.00,21.00,0.00,0.1143,-1.0000,-0.1314,0.0000,0,0
2026-08-23 21:42:56.261183,franka,0.47129,0.09069,0.44146,0.00000,-0.03000,0.00000,0.00000,7.00,21.00,0.00,0.1143,-1.0000,-0.1314,0.0000,0,0
2026-08-23 21:42:56.312174,franka,0.47129,0.08916,0.44140,0.00000,-0.03000,0.00000,0.00000,7.00,21.00,0.00,0.1143,-1.0000,-0.1314,0.0000,0,0
2026-08-23 21:42:56.362915,franka,0.47129,0.08767,0.44141,0.00000,-0.03000,0.00000,0.00000,7.00,21.00,0.00,0.1143,-1.0000,-0.1314,0.0000,0,0
2026-08-23 21:42:56.413680,franka,0.47128,0.08614,0.44143,0.00000,-0.03000,0.00000,0.00000,7.00,21.00,0.00,0.0000,-0.1486,0.0000,-0.1286,0,0
2026-08-23 21:42:56.464678,franka,0.47128,0.08492,0.44140,0.00000,-0.00893,0.00000,0.00000,7.00,21.00,0.00,0.0000,0.0000,0.0000,0.0000,0,0
2026-08-23 21:42:56.515743,franka,0.47130,0.08473,0.44142,0.00000,-0.00000,0.00000,0.00000,7.00,21.00,0.00,0.0000,0.0000,0.0000,0.0000,0,0
2026-08-23 21:42:56.566903,franka,0.47127,0.08490,0.44141,0.00000,-0.00000,0.00000,0.00000,7.00,21.00,0.00,0.0000,0.0000,0.0000,0.0000,0,0
2026-08-23 21:42:56.618208,franka,0.47128,0.08485,0.44141,0.00000,-0.00000,0.00000,0.00000,7.00,21.00,0.00,0.0000,0.0000,0.0000,0.0000,0,0
2026-08-23 21:42:56.669488,franka,0.47129,0.08479,0.44141,0.00000,-0.00000,0.00000,0.00000,7.00,21.00,0.00,0.0000,0.0000,0.0000,0.0000,0,0
2026-08-23 21:42:56.720599,franka,0.47128,0.08483,0.44141,0.00000,-0.00000,0.00000,0.00000,7.00,21.00,0.00,0.0000,0.0000,0.0000,0.0000,0,0
2026-08-23 21:42:56.771731,franka,0.47128,0.08482,0.44141,0.00000,-0.00000,0.00000,0.00000,7.00,21.00,0.00,0.0000,0.0000,0.0000,0.0000,0,0
2026-08-23 21:42:56.823150,franka,0.47128,0.08483,0.44141,0.00000,-0.00000,0.00000,0.00000,7.00,21.00,0.00,0.0000,0.0000,0.0000,0.0000,0,0
2026-08-23 21:42:56.874143,franka,0.47129,0.08481,0.44141,0.00000,-0.00000,0.00000,0.00000,7.00,21.00,0.00,0.0000,0.0000,0.0000,0.0000,0,0
2026-08-23 21:42:56.925134,franka,0.47128,0.08482,0.44141,0.00000,-0.00000,0.00000,0.00000,7.00,21.00,0.00,0.0000,0.0000,0.0000,0.0000,0,0
2026-08-23 21:42:56.976296,franka,0.47128,0.08483,0.44141,0.00000,-0.00000,0.00000,0.00000,7.00,21.00,0.00,0.0000,0.0000,0.0000,0.0000,0,0
2026-08-23 21:42:57.027239,franka,0.47128,0.08482,0.44141,0.00000,-0.00000,0.00000,0.00000,7.00,21.00,0.00,0.0000,0.0000,0.0000,0.0000,0,0
2026-08-23 21:42:57.078378,flowbot,0.47128,0.08483,0.44141,0.00000,-0.00000,0.00000,0.00000,7.00,21.00,0.00,0.0000,0.0000,0.0000,0.0000,1,0
2026-08-23 21:42:57.129380,flowbot,0.47128,0.08483,0.44141,0.00000,-0.00000,0.00000,0.00000,7.00,21.00,0.00,0.0000,0.0000,0.0000,0.0000,1,0
2026-08-23 21:42:57.179833,flowbot,0.47128,0.08483,0.44141,0.00000,-0.00000,0.00000,0.00000,7.00,21.00,0.00,0.0000,0.0000,0.0000,0.0000,1,0
2026-08-23 21:42:57.231552,flowbot,0.47128,0.08483,0.44141,0.00000,-0.00000,0.00000,0.00000,7.00,21.00,0.00,0.0000,0.0000,0.0000,0.0000,1,0
2026-08-23 21:42:57.282377,flowbot,0.47128,0.08483,0.44141,0.00000,-0.00000,0.00000,0.00000,7.00,21.00,0.00,0.0000,0.0000,0.0000,0.0000,1,0
2026-08-23 21:42:57.333970,flowbot,0.47128,0.08483,0.44141,0.00000,-0.00000,0.00000,0.00000,7.00,21.00,0.00,0.0000,0.0000,0.0000,0.0000,1,0
2026-08-23 21:42:57.385689,flowbot,0.47128,0.08483,0.44141,0.00000,-0.00000,0.00000,0.00000,7.00,21.00,0.00,0.0000,0.0000,0.0000,0.0000,0,0
2026-08-23 21:42:57.436122,flowbot,0.47128,0.08483,0.44141,0.00000,-0.00000,0.00000,0.00000,7.00,21.00,0.00,0.0000,0.0000,0.0000,0.0000,0,0
2026-08-23 21:42:57.487249,flowbot,0.47128,0.08483,0.44141,0.00000,-0.00000,0.00000,0.00000,7.00,21.00,0.00,0.0000,0.0000,0.0000,0.0000,0,0
2026-08-23 21:42:57.539767,flowbot,0.47128,0.08483,0.44141,0.00000,-0.00000,0.00000,0.00000,7.00,21.00,0.00,0.0000,0.0000,0.0000,0.0000,0,0
2026-08-23 21:42:57.591610,flowbot,0.47128,0.08483,0.44141,0.00000,-0.00000,0.00000,0.00000,7.00,21.00,0.00,0.0000,0.0000,0.0000,0.0000,0,0
2026-08-23 21:42:57.643352,flowbot,0.47128,0.08483,0.44141,0.00000,-0.00000,0.00000,0.00000,7.00,21.00,0.00,0.0000,0.0000,0.0000,0.0000,0,0
2026-08-23 21:42:57.694423,flowbot,0.47128,0.08483,0.44141,0.00000,-0.00000,0.00000,0.00000,7.00,21.00,0.00,0.0000,0.0000,0.0000,0.0000,0,0
2026-08-23 21:42:57.744925,flowbot,0.47128,0.08483,0.44141,0.00000,-0.00000,0.00000,0.00000,7.00,21.00,0.00,0.0000,0.0000,0.0000,0.0000,0,0
2026-08-23 21:42:57.796305,flowbot,0.47128,0.08483,0.44141,0.00000,-0.00000,0.00000,0.00000,7.00,21.00,0.00,0.0000,0.0000,0.0000,0.0000,0,0
2026-08-23 21:42:57.851307,flowbot,0.47128,0.08483,0.44141,0.00000,-0.00000,0.00000,0.00000,7.00,21.00,0.00,0.0000,0.0000,0.0000,0.0000,0,0
2026-08-23 21:42:57.907935,flowbot,0.47128,0.08483,0.44141,0.00000,-0.00000,0.00000,0.00000,7.00,21.00,0.00,0.0000,0.0000,0.0000,0.0000,0,0
2026-08-23 21:42:57.958121,flowbot,0.47128,0.08483,0.44141,0.00000,-0.00000,0.00000,0.00000,7.00,21.00,0.00,0.0000,0.0000,0.0000,0.0000,0,0
2026-08-23 21:42:58.011504,flowbot,0.47128,0.08483,0.44141,0.00000,-0.00000,0.00000,0.00000,7.00,21.00,0.00,0.0000,0.0000,0.0000,0.0000,0,0
2026-08-23 21:42:58.065693,flowbot,0.47128,0.08483,0.44141,0.00000,-0.00000,0.00000,0.00000,7.00,21.00,0.00,0.0000,0.0000,0.0000,0.0000,0,0
2026-08-23 21:42:58.116046,flowbot,0.47128,0.08483,0.44141,0.00000,-0.00000,0.00000,0.00000,7.00,21.00,0.00,0.0000,0.0000,0.0000,0.0000,0,0
2026-08-23 21:42:58.169675,flowbot,0.47128,0.08483,0.44141,0.00000,-0.00000,0.00000,0.00000,7.00,21.00,0.00,0.0000,0.0000,0.0000,0.0000,0,0
2026-08-23 21:42:58.242366,flowbot,0.47128,0.08483,0.44141,0.00000,-0.00000,0.00000,0.00000,7.00,21.00,0.00,0.0000,0.0000,0.0000,0.0000,0,0
2026-08-23 21:42:58.293928,flowbot,0.47128,0.08483,0.44141,0.00000,-0.00000,0.00000,0.00000,7.00,21.00,0.00,0.0000,0.0000,0.0000,0.0000,0,0
2026-08-23 21:42:58.344644,flowbot,0.47128,0.08483,0.44141,0.00000,-0.00000,0.00000,0.00000,7.00,21.00,0.00,0.0000,0.0000,0.0000,0.0000,0,0
2026-08-23 21:42:58.394924,flowbot,0.47128,0.08483,0.44141,0.00000,-0.00000,0.00000,0.00000,7.00,21.00,0.00,0.0000,0.0000,0.0000,0.0000,0,0
2026-08-23 21:42:58.444991,flowbot,0.47128,0.08483,0.44141,0.00000,-0.00000,0.00000,0.00000,7.00,21.00,0.00,0.0000,0.0000,0.0000,0.0000,0,0
2026-08-23 21:42:58.502679,flowbot,0.47128,0.08483,0.44141,0.00000,-0.00000,0.00000,0.00000,7.00,21.00,0.00,0.0000,0.0000,0.0000,0.0000,0,0
2026-08-23 21:42:58.556582,flowbot,0.47128,0.08483,0.44141,0.00000,-0.00000,0.00000,0.00000,7.00,21.00,0.00,0.0000,0.0000,0.0000,0.0000,0,0
2026-08-23 21:42:58.612002,flowbot,0.47128,0.08483,0.44141,0.00000,-0.00000,0.00000,0.00000,7.00,21.00,0.00,0.0000,0.0000,0.0000,0.0000,0,0
2026-08-23 21:42:58.665840,flowbot,0.47128,0.08483,0.44141,0.00000,-0.00000,0.00000,0.00000,7.00,21.00,0.00,0.0000,0.0000,0.0000,0.0000,0,0
2026-08-23 21:42:58.716180,flowbot,0.47128,0.08483,0.44141,0.00000,-0.00000,0.00000,0.00000,7.00,21.00,0.00,0.0000,0.0000,0.0000,0.0000,0,0
2026-08-23 21:42:58.767441,flowbot,0.47128,0.08483,0.44141,0.00000,-0.00000,0.00000,0.00000,7.00,21.00,0.00,0.0000,0.0000,0.0000,0.0000,0,0
2026-08-23 21:42:58.820780,flowbot,0.47128,0.08483,0.44141,0.00000,-0.00000,0.00000,0.00000,7.00,21.00,0.00,0.0000,0.0000,0.0000,0.0000,0,0
2026-08-23 21:42:58.872203,flowbot,0.47128,0.08483,0.44141,0.00000,-0.00000,0.00000,0.00000,7.00,21.00,0.00,0.0000,0.0000,0.0000,0.0000,0,0
2026-08-23 21:42:58.923743,flowbot,0.47128,0.08483,0.44141,0.00000,-0.00000,0.00000,0.00000,7.00,21.00,0.00,0.0000,0.0000,0.0000,0.0000,0,0
2026-08-23 21:42:58.975128,flowbot,0.47128,0.08483,0.44141,0.00000,-0.00000,0.00000,0.00000,7.00,21.00,0.00,0.0000,0.0000,0.0000,0.0000,0,0
2026-08-23 21:42:59.029272,flowbot,0.47128,0.08483,0.44141,0.00000,-0.00000,0.00000,0.00000,7.00,21.00,0.00,0.0000,0.0000,0.0000,0.0000,0,0
2026-08-23 21:42:59.083213,flowbot,0.47128,0.08483,0.44141,0.00000,-0.00000,0.00000,0.00000,7.00,21.00,0.00,0.0000,0.0000,0.0000,0.0000,0,0
2026-08-23 21:42:59.135772,flowbot,0.47128,0.08483,0.44141,0.00000,-0.00000,0.00000,0.00000,7.00,21.00,0.00,0.0000,0.0000,0.0000,0.0000,0,0
2026-08-23 21:42:59.188810,flowbot,0.47128,0.08483,0.44141,0.00000,-0.00000,0.00000,0.00000,7.00,21.00,0.00,0.0000,0.0000,0.0000,0.0000,0,0
2026-08-23 21:42:59.244971,flowbot,0.47128,0.08483,0.44141,0.00000,-0.00000,0.00000,0.00000,7.00,21.00,0.00,0.0000,0.0000,0.0000,0.0000,0,0
2026-08-23 21:42:59.295786,flowbot,0.47128,0.08483,0.44141,0.00000,-0.00000,0.00000,0.00000,7.00,21.00,0.00,0.0000,0.0000,0.0000,0.0000,0,0
2026-08-23 21:42:59.347070,flowbot,0.47128,0.08483,0.44141,0.00000,-0.00000,0.00000,0.00000,7.00,21.00,0.00,0.0000,0.0000,0.0000,0.0000,0,0
2026-08-23 21:42:59.397507,flowbot,0.47128,0.08483,0.44141,0.00000,-0.00000,0.00000,0.00000,7.00,21.00,0.00,0.0000,0.0000,0.0000,0.0000,0,0
2026-08-23 21:42:59.452165,flowbot,0.47128,0.08483,0.44141,0.00000,-0.00000,0.00000,0.00000,7.00,21.00,0.00,0.0000,0.0000,0.0000,0.0000,0,0
2026-08-23 21:42:59.515368,flowbot,0.47128,0.08483,0.44141,0.00000,-0.00000,0.00000,0.00000,7.00,21.00,0.00,0.0000,0.0000,0.0000,0.0000,0,0
2026-08-23 21:42:59.566673,flowbot,0.47128,0.08483,0.44141,0.00000,-0.00000,0.00000,0.00000,7.00,21.00,0.00,0.0000,0.0000,0.0000,0.0000,0,0
2026-08-23 21:42:59.621437,flowbot,0.47128,0.08483,0.44141,0.00000,-0.00000,0.00000,0.00000,7.00,21.00,0.00,0.0000,0.0000,0.0000,0.0000,0,0
2026-08-23 21:42:59.675188,flowbot,0.47128,0.08483,0.44141,0.00000,-0.00000,0.00000,0.00000,7.00,21.00,0.00,0.0000,0.0000,0.0000,0.0000,0,0
2026-08-23 21:42:59.738030,flowbot,0.47128,0.08483,0.44141,0.00000,-0.00000,0.00000,0.00000,7.00,21.00,0.00,0.0000,0.0000,0.0000,0.0000,0,0
2026-08-23 21:42:59.789724,flowbot,0.47128,0.08483,0.44141,0.00000,-0.00000,0.00000,0.00000,7.00,21.00,0.00,0.0000,0.0000,0.0000,0.0000,0,0
2026-08-23 21:42:59.840180,flowbot,0.47128,0.08483,0.44141,0.00000,-0.00000,0.00000,0.00000,7.00,21.00,0.00,0.0000,0.0000,0.0000,0.0000,0,0
2026-08-23 21:42:59.893466,flowbot,0.47128,0.08483,0.44141,0.00000,-0.00000,0.00000,0.00000,7.00,21.00,0.00,0.0000,0.0000,0.0000,0.0000,0,0
2026-08-23 21:42:59.945167,flowbot,0.47128,0.08483,0.44141,0.00000,-0.00000,0.00000,0.00000,7.00,21.00,0.00,0.0000,0.0000,0.0000,0.0000,0,0
2026-08-23 21:43:00.004693,flowbot,0.47128,0.08483,0.44141,0.00000,-0.00000,0.00000,0.00000,7.00,21.00,0.00,0.0000,0.0000,0.0000,0.0000,0,0
2026-08-23 21:43:00.057008,flowbot,0.47128,0.08483,0.44141,0.00000,-0.00000,0.00000,0.00000,7.00,21.00,0.00,0.0000,0.0000,0.0000,0.0000,0,0
2026-08-23 21:43:00.111961,flowbot,0.47128,0.08483,0.44141,0.00000,-0.00000,0.00000,0.00000,7.00,21.00,0.00,0.0000,0.0000,0.0000,0.0000,0,0
2026-08-23 21:43:00.171719,flowbot,0.47128,0.08483,0.44141,0.00000,-0.00000,0.00000,0.00000,7.00,21.00,0.00,0.0000,0.0000,0.0000,0.0000,0,0
2026-08-23 21:43:00.229064,flowbot,0.47128,0.08483,0.44141,0.00000,-0.00000,0.00000,0.00000,7.00,21.00,0.00,0.0000,0.0000,0.0000,0.0000,0,0
2026-08-23 21:43:00.280620,flowbot,0.47128,0.08483,0.44141,0.00000,-0.00000,0.00000,0.00000,7.00,21.00,0.00,0.0000,0.0000,0.0000,0.0000,0,0
2026-08-23 21:43:00.333281,flowbot,0.47128,0.08483,0.44141,0.00000,-0.00000,0.00000,0.00000,7.00,21.00,0.00,0.0000,0.0000,0.0000,0.0000,0,0
2026-08-23 21:43:00.384812,flowbot,0.47128,0.08483,0.44141,0.00000,-0.00000,0.00000,0.00000,7.00,21.00,0.00,0.0000,0.0000,0.0000,0.0000,0,0
2026-08-23 21:43:00.435499,flowbot,0.47128,0.08483,0.44141,0.00000,-0.00000,0.00000,0.00000,7.00,21.00,0.00,0.0000,0.0000,0.0000,0.0000,0,0
2026-08-23 21:43:00.499333,flowbot,0.47128,0.08483,0.44141,0.00000,-0.00000,0.00000,0.00000,7.00,21.00,0.00,0.0000,0.0000,0.0000,0.0000,0,0
2026-08-23 21:43:00.551874,flowbot,0.47128,0.08483,0.44141,0.00000,-0.00000,0.00000,0.00000,7.00,21.00,0.00,0.0000,0.0000,0.0000,0.0000,0,0
2026-08-23 21:43:00.602920,flowbot,0.47128,0.08483,0.44141,0.00000,-0.00000,0.00000,0.00000,7.00,21.00,0.00,0.0000,0.0000,0.0000,0.0000,0,0
2026-08-23 21:43:00.653700,flowbot,0.47128,0.08483,0.44141,0.00000,-0.00000,0.00000,0.00000,7.00,21.00,0.00,0.0000,0.0000,0.0000,0.0000,0,0
2026-08-23 21:43:00.708679,flowbot,0.47128,0.08483,0.44141,0.00000,-0.00000,0.00000,0.00000,7.00,21.00,0.00,0.0000,0.0000,0.0000,0.0000,0,0
2026-08-23 21:43:00.764594,flowbot,0.47128,0.08483,0.44141,0.00000,-0.00000,0.00000,0.00000,7.00,21.00,0.00,0.0000,0.0000,0.0000,0.0000,0,0
2026-08-23 21:43:00.821131,flowbot,0.47128,0.08483,0.44141,0.00000,-0.00000,0.00000,0.00000,7.00,21.00,0.00,0.0000,0.0000,0.0000,0.0000,0,0
2026-08-23 21:43:00.871825,flowbot,0.47128,0.08483,0.44141,0.00000,-0.00000,0.00000,0.00000,7.00,21.00,0.00,0.0000,0.0000,0.0000,0.0000,0,0
2026-08-23 21:43:00.922123,flowbot,0.47128,0.08483,0.44141,0.00000,-0.00000,0.00000,0.00000,7.00,21.00,0.00,0.0000,0.0000,0.0000,0.0000,0,0
2026-08-23 21:43:00.976690,flowbot,0.47128,0.08483,0.44141,0.00000,-0.00000,0.00000,0.00000,7.00,21.00,0.00,0.0000,0.0000,0.0000,0.0000,0,0
2026-08-23 21:43:01.030012,flowbot,0.47128,0.08483,0.44141,0.00000,-0.00000,0.00000,0.00000,7.00,21.00,0.00,0.0000,0.0000,0.0000,0.0000,0,0
2026-08-23 21:43:01.082305,flowbot,0.47128,0.08483,0.44141,0.00000,-0.00000,0.00000,0.00000,7.00,21.00,0.00,0.0000,0.0000,0.0000,0.0000,0,0
2026-08-23 21:43:01.135814,flowbot,0.47128,0.08483,0.44141,0.00000,-0.00000,0.00000,0.00000,7.00,21.00,0.00,0.0000,0.0000,0.0000,0.0000,0,0
2026-08-23 21:43:01.189018,flowbot,0.47128,0.08483,0.44141,0.00000,-0.00000,0.00000,0.00000,7.00,21.00,0.00,0.0000,0.0000,0.0000,0.0000,0,0
2026-08-23 21:43:01.243780,flowbot,0.47128,0.08483,0.44141,0.00000,-0.00000,0.00000,0.00000,7.00,21.00,0.00,0.0000,0.0000,0.0000,0.0000,0,0
2026-08-23 21:43:01.295517,flowbot,0.47128,0.08483,0.44141,0.00000,-0.00000,0.00000,0.00000,7.00,21.00,0.00,0.0000,0.0000,0.0000,0.0000,0,0
2026-08-23 21:43:01.348885,flowbot,0.47128,0.08483,0.44141,0.00000,-0.00000,0.00000,0.00000,7.00,21.00,0.00,0.0000,0.0000,0.0000,0.0000,0,0
2026-08-23 21:43:01.403091,flowbot,0.47128,0.08483,0.44141,0.00000,-0.00000,0.00000,0.00000,7.00,21.00,0.00,0.0000,0.0000,0.0000,0.0000,0,0
2026-08-23 21:43:01.464901,flowbot,0.47128,0.08483,0.44141,0.00000,-0.00000,0.00000,0.00000,7.00,21.00,0.00,0.0000,0.0000,0.0000,0.0000,0,0
2026-08-23 21:43:01.517322,flowbot,0.47128,0.08483,0.44141,0.00000,-0.00000,0.00000,0.00000,7.00,21.00,0.00,0.0000,0.0000,0.0000,0.0000,0,0
2026-08-23 21:43:01.567392,flowbot,0.47128,0.08483,0.44141,0.00000,-0.00000,0.00000,0.00000,7.00,21.00,0.00,0.0000,0.0000,0.0000,0.0000,0,0
2026-08-23 21:43:01.619954,flowbot,0.47128,0.08483,0.44141,0.00000,-0.00000,0.00000,0.00000,7.00,21.00,0.00,0.0000,0.0000,0.0000,0.0000,0,0
2026-08-23 21:43:01.671587,flowbot,0.47128,0.08483,0.44141,0.00000,-0.00000,0.00000,0.00000,7.00,21.00,0.00,0.0000,0.0000,0.0000,0.0000,0,0
2026-08-23 21:43:01.724214,flowbot,0.47128,0.08483,0.44141,0.00000,-0.00000,0.00000,0.00000,7.00,21.00,0.00,0.0000,0.0000,0.0000,0.0000,0,0
2026-08-23 21:43:01.776476,flowbot,0.47128,0.08483,0.44141,0.00000,-0.00000,0.00000,0.00000,7.00,21.00,0.00,0.0000,0.0000,0.0000,0.0000,0,0
2026-08-23 21:43:01.831827,flowbot,0.47128,0.08483,0.44141,0.00000,-0.00000,0.00000,0.00000,7.00,21.00,0.00,0.0000,0.0000,0.0000,0.0000,0,0
2026-08-23 21:43:01.885423,flowbot,0.47128,0.08483,0.44141,0.00000,-0.00000,0.00000,0.00000,7.00,21.00,0.00,0.0000,0.0000,0.0000,0.0000,0,0
2026-08-23 21:43:01.957460,flowbot,0.47128,0.08483,0.44141,0.00000,-0.00000,0.00000,0.00000,7.00,21.00,0.00,0.0000,0.0000,0.0000,0.0000,0,0
2026-08-23 21:43:02.009019,flowbot,0.47128,0.08483,0.44141,0.00000,-0.00000,0.00000,0.00000,7.00,21.00,0.00,0.0000,0.0000,0.0000,0.0000,0,0
2026-08-23 21:43:02.063734,flowbot,0.47128,0.08483,0.44141,0.00000,-0.00000,0.00000,0.00000,7.00,21.00,0.00,0.0000,0.0000,0.0000,0.0000,0,0
2026-08-23 21:43:02.116088,flowbot,0.47128,0.08483,0.44141,0.00000,-0.00000,0.00000,0.00000,7.00,21.00,0.00,0.0000,0.0000,0.0000,0.0000,0,0
2026-08-23 21:43:02.169802,flowbot,0.47128,0.08483,0.44141,0.00000,-0.00000,0.00000,0.00000,7.00,21.00,0.00,0.0000,0.0000,0.0000,0.0000,0,0
2026-08-23 21:43:02.224440,flowbot,0.47128,0.08483,0.44141,0.00000,-0.00000,0.00000,0.00000,7.00,21.00,0.00,0.0000,0.0000,0.0000,0.0000,0,0
2026-08-23 21:43:02.279604,flowbot,0.47128,0.08483,0.44141,0.00000,-0.00000,0.00000,0.00000,7.00,21.00,0.00,0.0000,0.0000,0.0000,0.0000,0,0
2026-08-23 21:43:02.330930,flowbot,0.47128,0.08483,0.44141,0.00000,-0.00000,0.00000,0.00000,7.00,21.00,0.00,0.0000,0.0000,0.0000,0.0000,0,0
2026-08-23 21:43:02.385340,flowbot,0.47128,0.08483,0.44141,0.00000,-0.00000,0.00000,0.00000,7.00,21.00,0.00,0.0000,0.0000,0.0000,0.0000,0,0
2026-08-23 21:43:02.436447,flowbot,0.47128,0.08483,0.44141,0.00000,-0.00000,0.00000,0.00000,7.00,21.00,0.00,0.0000,0.0000,0.0000,0.0000,0,0
2026-08-23 21:43:02.489384,flowbot,0.47128,0.08483,0.44141,0.00000,-0.00000,0.00000,0.00000,7.00,21.00,0.00,0.0000,0.0000,0.0000,0.0000,0,0
2026-08-23 21:43:02.544087,flowbot,0.47128,0.08483,0.44141,0.00000,-0.00000,0.00000,0.00000,7.00,21.00,0.00,0.0000,0.0000,0.0000,0.0000,0,0
2026-08-23 21:43:02.597337,flowbot,0.47128,0.08483,0.44141,0.00000,-0.00000,0.00000,0.00000,7.00,21.00,0.00,0.0000,0.0000,0.0000,0.0000,0,0
2026-08-23 21:43:02.649416,flowbot,0.47128,0.08483,0.44141,0.00000,-0.00000,0.00000,0.00000,7.00,21.00,0.00,0.0000,0.0000,0.0000,0.0000,0,0
2026-08-23 21:43:02.704015,flowbot,0.47128,0.08483,0.44141,0.00000,-0.00000,0.00000,0.00000,7.00,21.00,0.00,0.0000,0.0000,0.0000,0.0000,0,0
2026-08-23 21:43:02.758677,flowbot,0.47128,0.08483,0.44141,0.00000,-0.00000,0.00000,0.00000,7.00,21.00,0.00,0.0000,0.0000,0.0000,0.0000,0,0
2026-08-23 21:43:02.814972,flowbot,0.47128,0.08483,0.44141,0.00000,-0.00000,0.00000,0.00000,7.00,21.00,0.00,0.0000,0.0000,0.0000,0.0000,0,0
2026-08-23 21:43:02.869280,flowbot,0.47128,0.08483,0.44141,0.00000,-0.00000,0.00000,0.00000,7.00,21.00,0.00,0.0000,0.0000,0.0000,0.0000,0,0
2026-08-23 21:43:02.926559,flowbot,0.47128,0.08483,0.44141,0.00000,-0.00000,0.00000,0.00000,7.00,21.00,0.00,0.0000,0.0000,0.0000,0.0000,0,0
2026-08-23 21:43:02.980919,flowbot,0.47128,0.08483,0.44141,0.00000,-0.00000,0.00000,0.00000,7.00,21.00,0.00,0.0000,0.0000,0.0000,0.0000,0,0
2026-08-23 21:43:03.034967,flowbot,0.47128,0.08483,0.44141,0.00000,-0.00000,0.00000,0.00000,7.00,21.00,0.00,0.0000,0.0000,0.0000,0.0000,0,0
2026-08-23 21:43:03.085739,flowbot,0.47128,0.08483,0.44141,0.00000,-0.00000,0.00000,0.00000,7.00,21.00,0.00,0.0000,0.0000,0.0000,0.0000,0,0
2026-08-23 21:43:03.136134,flowbot,0.47128,0.08483,0.44141,0.00000,-0.00000,0.00000,0.00000,7.00,21.00,0.00,0.0000,0.0000,0.0000,0.0000,0,0
2026-08-23 21:43:03.192340,flowbot,0.47128,0.08483,0.44141,0.00000,-0.00000,0.00000,0.00000,7.00,21.00,0.00,0.0000,0.0000,0.0000,0.0000,0,0
2026-08-23 21:43:03.244366,flowbot,0.47128,0.08483,0.44141,0.00000,-0.00000,0.00000,0.00000,7.00,21.00,0.00,0.0000,0.0000,0.0000,0.0000,0,0
2026-08-23 21:43:03.298895,flowbot,0.47128,0.08483,0.44141,0.00000,-0.00000,0.00000,0.00000,7.00,21.00,0.00,0.0000,0.0000,0.0000,0.0000,0,0
2026-08-23 21:43:03.351240,flowbot,0.47128,0.08483,0.44141,0.00000,-0.00000,0.00000,0.00000,7.00,21.00,0.00,0.0000,0.0000,0.0000,0.0000,0,0
2026-08-23 21:43:03.403104,flowbot,0.47128,0.08483,0.44141,0.00000,-0.00000,0.00000,0.00000,7.00,21.00,0.00,0.0000,0.0000,0.0000,0.0000,0,0
2026-08-23 21:43:03.456087,flowbot,0.47128,0.08483,0.44141,0.00000,-0.00000,0.00000,0.00000,7.00,21.00,0.00,0.0000,0.0000,0.0000,0.0000,0,0
2026-08-23 21:43:03.509309,flowbot,0.47128,0.08483,0.44141,0.00000,-0.00000,0.00000,0.00000,7.00,21.00,0.00,0.0000,0.0000,0.0000,0.0000,0,0
2026-08-23 21:43:03.562140,flowbot,0.47128,0.08483,0.44141,0.00000,-0.00000,0.00000,0.00000,7.00,21.00,0.00,0.0000,0.0000,0.0000,0.0000,0,0
2026-08-23 21:43:03.617437,flowbot,0.47128,0.08483,0.44141,0.00000,-0.00000,0.00000,0.00000,7.00,21.00,0.00,0.0000,0.0000,0.0000,0.0000,0,0
2026-08-23 21:43:03.670177,flowbot,0.47128,0.08483,0.44141,0.00000,-0.00000,0.00000,0.00000,7.00,21.00,0.00,0.0000,0.0000,0.0000,0.0000,0,0
2026-08-23 21:43:03.725835,flowbot,0.47128,0.08483,0.44141,0.00000,-0.00000,0.00000,0.00000,7.00,21.00,0.00,0.0000,0.0000,0.0000,0.0000,0,0
2026-08-23 21:43:03.777516,flowbot,0.47128,0.08483,0.44141,0.00000,-0.00000,0.00000,0.00000,7.00,21.00,0.00,0.0000,0.0000,0.0000,0.0000,0,0
2026-08-23 21:43:03.827971,flowbot,0.47128,0.08483,0.44141,0.00000,-0.00000,0.00000,0.00000,7.00,21.00,0.00,0.0000,0.0000,0.0000,0.0000,0,0
2026-08-23 21:43:03.881400,flowbot,0.47128,0.08483,0.44141,0.00000,-0.00000,0.00000,0.00000,7.00,21.00,0.00,0.0000,0.0000,0.0000,0.0000,0,0
2026-08-23 21:43:03.933228,flowbot,0.47128,0.08483,0.44141,0.00000,-0.00000,0.00000,0.00000,7.00,21.00,0.00,0.0000,0.0000,0.0000,0.0000,0,0
2026-08-23 21:43:03.987528,flowbot,0.47128,0.08483,0.44141,0.00000,-0.00000,0.00000,0.00000,7.00,21.00,0.00,0.0000,0.0000,0.0000,0.0000,0,0
2026-08-23 21:43:04.038605,flowbot,0.47128,0.08483,0.44141,0.00000,-0.00000,0.00000,0.00000,7.00,21.00,0.00,0.0000,0.0000,0.0000,0.0000,0,0
2026-08-23 21:43:04.089737,flowbot,0.47128,0.08483,0.44141,0.00000,-0.00000,0.00000,0.00000,7.00,21.00,0.00,0.0000,0.0000,0.0000,0.0000,0,0
2026-08-23 21:43:04.143326,flowbot,0.47128,0.08483,0.44141,0.00000,-0.00000,0.00000,0.00000,7.00,21.00,0.00,0.0000,0.0000,0.0000,0.0000,0,0
2026-08-23 21:43:04.196102,flowbot,0.47128,0.08483,0.44141,0.00000,-0.00000,0.00000,0.00000,7.00,21.00,0.00,0.0000,0.0000,0.0000,0.0000,0,0
2026-08-23 21:43:04.246361,flowbot,0.47128,0.08483,0.44141,0.00000,-0.00000,0.00000,0.00000,7.00,21.00,0.00,0.0000,0.0000,0.0000,0.0000,0,0
2026-08-23 21:43:04.297210,flowbot,0.47128,0.08483,0.44141,0.00000,-0.00000,0.00000,0.00000,7.00,21.00,0.00,0.0000,0.0000,0.0000,0.0000,0,0
2026-08-23 21:43:04.347600,flowbot,0.47128,0.08483,0.44141,0.00000,-0.00000,0.00000,0.00000,7.00,21.00,0.00,-0.1886,0.0000,0.0000,0.0000,0,0
2026-08-23 21:43:04.400136,flowbot,0.47128,0.08483,0.44141,0.00000,-0.00000,0.00000,0.00000,7.00,21.00,0.00,-0.1886,0.0000,0.0000,0.0000,0,0
2026-08-23 21:43:04.454290,flowbot,0.47128,0.08483,0.44141,0.00000,-0.00000,0.00000,0.00000,7.00,21.00,0.00,-0.1886,0.0000,0.0000,0.0000,0,0
2026-08-23 21:43:04.506539,flowbot,0.47128,0.08483,0.44141,0.00000,-0.00000,0.00000,0.00000,7.00,21.00,0.00,-0.1886,0.0000,0.0000,0.0000,0,0
2026-08-23 21:43:04.558586,flowbot,0.47128,0.08483,0.44141,0.00000,-0.00000,0.00000,0.00000,7.00,21.00,0.00,-0.1886,0.0000,0.0000,0.0000,0,0
2026-08-23 21:43:04.610332,flowbot,0.47128,0.08483,0.44141,0.00000,-0.00000,0.00000,0.00000,7.00,21.00,0.00,-0.1886,0.0000,0.0000,0.0000,0,0
2026-08-23 21:43:04.667819,flowbot,0.47128,0.08483,0.44141,0.00000,-0.00000,0.00000,0.00000,7.00,21.00,0.00,-0.1886,0.0000,0.0000,0.0000,0,0
2026-08-23 21:43:04.720438,flowbot,0.47128,0.08483,0.44141,0.00000,-0.00000,0.00000,0.00000,7.00,21.00,0.00,-0.1886,0.0000,0.0000,0.0000,0,0
2026-08-23 21:43:04.773549,flowbot,0.47128,0.08483,0.44141,0.00000,-0.00000,0.00000,0.00000,7.00,21.00,0.00,-0.1886,0.0000,0.0000,0.0000,0,0
2026-08-23 21:43:04.825432,flowbot,0.47128,0.08483,0.44141,0.00000,-0.00000,0.00000,0.00000,7.00,21.00,0.00,-0.1286,0.2057,0.0000,0.0000,0,0
2026-08-23 21:43:04.876395,flowbot,0.47128,0.08483,0.44141,0.00000,-0.00000,0.00000,0.00000,7.00,21.00,0.00,-0.1286,0.2057,0.0000,0.0000,0,0
2026-08-23 21:43:04.928684,flowbot,0.47128,0.08483,0.44141,0.00000,-0.00000,0.00000,0.00000,7.00,21.00,0.00,-0.1286,0.2057,0.0000,0.0000,0,0
2026-08-23 21:43:04.978979,flowbot,0.47128,0.08483,0.44141,0.00000,-0.00000,0.00000,0.00000,7.00,21.00,0.00,-0.1286,0.2057,0.0000,0.0000,0,0
2026-08-23 21:43:05.030108,flowbot,0.47128,0.08483,0.44141,0.00000,-0.00000,0.00000,0.00000,7.00,21.00,0.00,-0.1286,0.2057,0.0000,0.0000,0,0
2026-08-23 21:43:05.081887,flowbot,0.47128,0.08483,0.44141,0.00000,-0.00000,0.00000,0.00000,7.00,21.00,0.00,-0.2714,0.0000,0.0000,0.0000,0,0
2026-08-23 21:43:05.134665,flowbot,0.47128,0.08483,0.44141,0.00000,-0.00000,0.00000,0.00000,7.00,21.00,0.00,-0.2714,0.0000,0.0000,0.0000,0,0
2026-08-23 21:43:05.186613,flowbot,0.47128,0.08483,0.44141,0.00000,-0.00000,0.00000,0.00000,7.00,21.00,0.00,-0.2714,0.0000,0.0000,0.0000,0,0
2026-08-23 21:43:05.236710,flowbot,0.47128,0.08483,0.44141,0.00000,-0.00000,0.00000,0.00000,7.00,21.00,0.00,-0.2714,0.0000,0.0000,0.0000,0,0
2026-08-23 21:43:05.289773,flowbot,0.47128,0.08483,0.44141,0.00000,-0.00000,0.00000,0.00000,7.00,21.00,0.00,-0.2714,0.0000,0.0000,0.0000,0,0
2026-08-23 21:43:05.339888,flowbot,0.47128,0.08483,0.44141,0.00000,-0.00000,0.00000,0.00000,8.00,23.00,0.00,-0.1200,1.1114,0.0000,0.0000,0,0
2026-08-23 21:43:05.401043,flowbot,0.47128,0.08483,0.44141,0.00000,-0.00000,0.00000,0.00000,8.00,23.00,0.00,-0.1200,1.1114,0.0000,0.0000,0,0
2026-08-23 21:43:05.451517,flowbot,0.47128,0.08483,0.44141,0.00000,-0.00000,0.00000,0.00000,8.00,23.00,0.00,-0.1200,1.1114,0.0000,0.0000,0,0
2026-08-23 21:43:05.503783,flowbot,0.47128,0.08483,0.44141,0.00000,-0.00000,0.00000,0.00000,8.00,23.00,0.00,-0.1200,1.1114,0.0000,0.0000,0,0
2026-08-23 21:43:05.555802,flowbot,0.47128,0.08483,0.44141,0.00000,-0.00000,0.00000,0.00000,8.00,24.00,0.00,0.0000,0.7143,0.0000,0.0000,0,0
2026-08-23 21:43:05.610149,flowbot,0.47128,0.08483,0.44141,0.00000,-0.00000,0.00000,0.00000,8.00,24.00,0.00,0.0000,0.7143,0.0000,0.0000,0,0
2026-08-23 21:43:05.662076,flowbot,0.47128,0.08483,0.44141,0.00000,-0.00000,0.00000,0.00000,8.00,24.00,0.00,0.0000,0.7143,0.0000,0.0000,0,0
2026-08-23 21:43:05.717785,flowbot,0.47128,0.08483,0.44141,0.00000,-0.00000,0.00000,0.00000,8.00,24.00,0.00,0.0000,0.7143,0.0000,0.0000,0,0
2026-08-23 21:43:05.770362,flowbot,0.47128,0.08483,0.44141,0.00000,-0.00000,0.00000,0.00000,8.00,24.00,0.00,0.0000,0.7143,0.0000,0.0000,0,0
2026-08-23 21:43:05.824035,flowbot,0.47128,0.08483,0.44141,0.00000,-0.00000,0.00000,0.00000,8.00,24.00,0.00,0.0000,0.0000,0.0000,0.0000,0,0
2026-08-23 21:43:05.876858,flowbot,0.47128,0.08483,0.44141,0.00000,-0.00000,0.00000,0.00000,8.00,24.00,0.00,0.0000,0.0000,0.0000,0.0000,0,0
2026-08-23 21:43:05.930440,flowbot,0.47128,0.08483,0.44141,0.00000,-0.00000,0.00000,0.00000,8.00,24.00,0.00,0.0000,0.0000,0.0000,0.0000,0,0
2026-08-23 21:43:05.981275,flowbot,0.47128,0.08483,0.44141,0.00000,-0.00000,0.00000,0.00000,8.00,24.00,0.00,0.0000,0.0000,0.0000,0.0000,0,0
2026-08-23 21:43:06.033079,flowbot,0.47128,0.08483,0.44141,0.00000,-0.00000,0.00000,0.00000,8.00,24.00,0.00,0.0000,0.0000,0.0000,0.0000,0,0
2026-08-23 21:43:06.086561,flowbot,0.47128,0.08483,0.44141,0.00000,-0.00000,0.00000,0.00000,8.00,24.00,0.00,0.0000,0.0000,0.0000,0.0000,0,0
2026-08-23 21:43:06.138136,flowbot,0.47128,0.08483,0.44141,0.00000,-0.00000,0.00000,0.00000,8.00,24.00,0.00,0.0000,0.0000,0.0000,0.0000,0,0
2026-08-23 21:43:06.188527,flowbot,0.47128,0.08483,0.44141,0.00000,-0.00000,0.00000,0.00000,8.00,24.00,0.00,0.0000,0.0000,0.0000,0.0000,0,0
2026-08-23 21:43:06.241012,flowbot,0.47128,0.08483,0.44141,0.00000,-0.00000,0.00000,0.00000,8.00,24.00,0.00,0.0000,0.0000,0.0000,0.0000,0,0
2026-08-23 21:43:06.294415,flowbot,0.47128,0.08483,0.44141,0.00000,-0.00000,0.00000,0.00000,8.00,24.00,0.00,0.0000,-0.1429,0.0000,0.0000,0,0
2026-08-23 21:43:06.348017,flowbot,0.47128,0.08483,0.44141,0.00000,-0.00000,0.00000,0.00000,8.00,24.00,0.00,0.0000,-0.1429,0.0000,0.0000,0,0
2026-08-23 21:43:06.410958,flowbot,0.47128,0.08483,0.44141,0.00000,-0.00000,0.00000,0.00000,8.00,24.00,0.00,0.0000,-0.1429,0.0000,0.0000,0,0
2026-08-23 21:43:06.462434,flowbot,0.47128,0.08483,0.44141,0.00000,-0.00000,0.00000,0.00000,8.00,24.00,0.00,0.0000,-0.1429,0.0000,0.0000,0,0
2026-08-23 21:43:06.515674,flowbot,0.47128,0.08483,0.44141,0.00000,-0.00000,0.00000,0.00000,8.00,24.00,0.00,0.0000,-0.1429,0.0000,0.0000,0,0
2026-08-23 21:43:06.567709,flowbot,0.47128,0.08483,0.44141,0.00000,-0.00000,0.00000,0.00000,8.00,24.00,0.00,0.0000,0.0000,0.0000,0.0000,0,0
2026-08-23 21:43:06.622031,flowbot,0.47128,0.08483,0.44141,0.00000,-0.00000,0.00000,0.00000,8.00,24.00,0.00,0.0000,0.0000,0.0000,0.0000,0,0
2026-08-23 21:43:06.678206,flowbot,0.47128,0.08483,0.44141,0.00000,-0.00000,0.00000,0.00000,8.00,24.00,0.00,0.0000,0.0000,0.0000,0.0000,0,0
2026-08-23 21:43:06.732324,flowbot,0.47128,0.08483,0.44141,0.00000,-0.00000,0.00000,0.00000,8.00,24.00,0.00,0.0000,0.0000,0.0000,0.0000,0,0
2026-08-23 21:43:06.782971,flowbot,0.47128,0.08483,0.44141,0.00000,-0.00000,0.00000,0.00000,8.00,24.00,0.00,0.0000,0.0000,0.0000,0.0000,0,0
2026-08-23 21:43:06.836844,flowbot,0.47128,0.08483,0.44141,0.00000,-0.00000,0.00000,0.00000,8.00,24.00,0.00,0.0000,0.0000,0.0000,0.0000,0,0
2026-08-23 21:43:06.893065,flowbot,0.47128,0.08483,0.44141,0.00000,-0.00000,0.00000,0.00000,8.00,24.00,0.00,0.0000,0.0000,0.0000,0.0000,0,0
2026-08-23 21:43:06.947153,flowbot,0.47128,0.08483,0.44141,0.00000,-0.00000,0.00000,0.00000,8.00,24.00,0.00,0.0000,0.0000,0.0000,0.0000,0,0
2026-08-23 21:43:06.997359,flowbot,0.47128,0.08483,0.44141,0.00000,-0.00000,0.00000,0.00000,8.00,24.00,0.00,0.0000,0.0000,0.0000,0.0000,0,0
2026-08-23 21:43:07.049489,flowbot,0.47128,0.08483,0.44141,0.00000,-0.00000,0.00000,0.00000,8.00,24.00,0.00,0.0000,0.0000,0.0000,0.0000,0,0
2026-08-23 21:43:07.103074,flowbot,0.47128,0.08483,0.44141,0.00000,-0.00000,0.00000,0.00000,8.00,24.00,0.00,0.0000,0.0000,0.0000,0.0000,0,0
2026-08-23 21:43:07.156559,flowbot,0.47128,0.08483,0.44141,0.00000,-0.00000,0.00000,0.00000,8.00,24.00,0.00,0.0000,0.0000,0.0000,0.0000,0,0
2026-08-23 21:43:07.214210,flowbot,0.47128,0.08483,0.44141,0.00000,-0.00000,0.00000,0.00000,8.00,24.00,0.00,0.0000,0.0000,0.0000,0.0000,0,0
2026-08-23 21:43:07.267226,flowbot,0.47128,0.08483,0.44141,0.00000,-0.00000,0.00000,0.00000,8.00,24.00,0.00,0.0000,0.0000,0.0000,0.0000,0,0
2026-08-23 21:43:07.317424,flowbot,0.47128,0.08483,0.44141,0.00000,-0.00000,0.00000,0.00000,8.00,24.00,0.00,0.0000,0.0000,0.0000,0.0000,0,0
2026-08-23 21:43:07.395304,flowbot,0.47128,0.08483,0.44141,0.00000,-0.00000,0.00000,0.00000,8.00,24.00,0.00,0.0000,0.0000,0.0000,0.0000,0,0
2026-08-23 21:43:07.446400,flowbot,0.47128,0.08483,0.44141,0.00000,-0.00000,0.00000,0.00000,8.00,24.00,0.00,0.0000,0.0000,0.0000,0.0000,0,0
2026-08-23 21:43:07.501756,flowbot,0.47128,0.08483,0.44141,0.00000,-0.00000,0.00000,0.00000,8.00,24.00,0.00,0.0000,0.0000,0.0000,0.0000,0,0
2026-08-23 21:43:07.556282,flowbot,0.47128,0.08483,0.44141,0.00000,-0.00000,0.00000,0.00000,8.00,23.00,0.00,0.0000,-0.3257,0.0000,0.0000,0,0
2026-08-23 21:43:07.606452,flowbot,0.47128,0.08483,0.44141,0.00000,-0.00000,0.00000,0.00000,8.00,23.00,0.00,0.0000,-0.3257,0.0000,0.0000,0,0
2026-08-23 21:43:07.659412,flowbot,0.47128,0.08483,0.44141,0.00000,-0.00000,0.00000,0.00000,8.00,23.00,0.00,0.0000,-0.3257,0.0000,0.0000,0,0
2026-08-23 21:43:07.713492,flowbot,0.47128,0.08483,0.44141,0.00000,-0.00000,0.00000,0.00000,8.00,23.00,0.00,0.0000,-0.3257,0.0000,0.0000,0,0
2026-08-23 21:43:07.766515,flowbot,0.47128,0.08483,0.44141,0.00000,-0.00000,0.00000,0.00000,8.00,23.00,0.00,0.0000,-0.3257,0.0000,0.0000,0,0
2026-08-23 21:43:07.816951,flowbot,0.47128,0.08483,0.44141,0.00000,-0.00000,0.00000,0.00000,6.00,22.00,0.00,0.0000,0.0000,-1.3000,0.0000,0,0
2026-08-23 21:43:07.867022,flowbot,0.47128,0.08483,0.44141,0.00000,-0.00000,0.00000,0.00000,6.00,22.00,0.00,0.0000,0.0000,-1.3000,0.0000,0,0
2026-08-23 21:43:07.921678,flowbot,0.47128,0.08483,0.44141,0.00000,-0.00000,0.00000,0.00000,6.00,22.00,0.00,0.0000,0.0000,-1.3000,0.0000,0,0
2026-08-23 21:43:07.975204,flowbot,0.47128,0.08483,0.44141,0.00000,-0.00000,0.00000,0.00000,6.00,22.00,0.00,0.0000,0.0000,-1.3000,0.0000,0,0
2026-08-23 21:43:08.030275,flowbot,0.47128,0.08483,0.44141,0.00000,-0.00000,0.00000,0.00000,6.00,22.00,0.00,0.0000,0.0000,-0.3857,0.0000,0,0
2026-08-23 21:43:08.082452,flowbot,0.47128,0.08483,0.44141,0.00000,-0.00000,0.00000,0.00000,6.00,22.00,0.00,0.0000,0.0000,-0.3857,0.0000,0,0
2026-08-23 21:43:08.140759,flowbot,0.47128,0.08483,0.44141,0.00000,-0.00000,0.00000,0.00000,6.00,22.00,0.00,0.0000,0.0000,-0.3857,0.0000,0,0
2026-08-23 21:43:08.193626,flowbot,0.47128,0.08483,0.44141,0.00000,-0.00000,0.00000,0.00000,6.00,22.00,0.00,0.0000,0.0000,-0.3857,0.0000,0,0
2026-08-23 21:43:08.247194,flowbot,0.47128,0.08483,0.44141,0.00000,-0.00000,0.00000,0.00000,6.00,22.00,0.00,0.0000,0.0000,-0.3857,0.0000,0,0
2026-08-23 21:43:08.301571,flowbot,0.47128,0.08483,0.44141,0.00000,-0.00000,0.00000,0.00000,6.00,22.00,0.00,0.0000,0.1200,-1.0057,0.0000,0,0
2026-08-23 21:43:08.351650,flowbot,0.47128,0.08483,0.44141,0.00000,-0.00000,0.00000,0.00000,6.00,22.00,0.00,0.0000,0.1200,-1.0057,0.0000,0,0
2026-08-23 21:43:08.403184,flowbot,0.47128,0.08483,0.44141,0.00000,-0.00000,0.00000,0.00000,6.00,22.00,0.00,0.0000,0.1200,-1.0057,0.0000,0,0
2026-08-23 21:43:08.453998,flowbot,0.47128,0.08483,0.44141,0.00000,-0.00000,0.00000,0.00000,6.00,22.00,0.00,0.0000,0.1200,-1.0057,0.0000,0,0
2026-08-23 21:43:08.504840,flowbot,0.47128,0.08483,0.44141,0.00000,-0.00000,0.00000,0.00000,6.00,22.00,0.00,0.0000,0.1200,-1.0057,0.0000,0,0
2026-08-23 21:43:08.560703,flowbot,0.47128,0.08483,0.44141,0.00000,-0.00000,0.00000,0.00000,6.00,22.00,0.00,0.0000,0.0000,-0.8057,0.0000,0,0
2026-08-23 21:43:08.622068,flowbot,0.47128,0.08483,0.44141,0.00000,-0.00000,0.00000,0.00000,6.00,22.00,0.00,0.0000,0.0000,-0.8057,0.0000,0,0
2026-08-23 21:43:08.673457,flowbot,0.47128,0.08483,0.44141,0.00000,-0.00000,0.00000,0.00000,6.00,22.00,0.00,0.0000,0.0000,-0.8057,0.0000,0,0
2026-08-23 21:43:08.733520,flowbot,0.47128,0.08483,0.44141,0.00000,-0.00000,0.00000,0.00000,6.00,22.00,0.00,0.0000,0.0000,-0.8057,0.0000,0,0
2026-08-23 21:43:08.787657,flowbot,0.47128,0.08483,0.44141,0.00000,-0.00000,0.00000,0.00000,6.00,22.00,0.00,0.0000,0.0000,-1.3029,0.0000,0,0
2026-08-23 21:43:08.842114,flowbot,0.47128,0.08483,0.44141,0.00000,-0.00000,0.00000,0.00000,6.00,22.00,0.00,0.0000,0.0000,-1.3029,0.0000,0,0
2026-08-23 21:43:08.896218,flowbot,0.47128,0.08483,0.44141,0.00000,-0.00000,0.00000,0.00000,6.00,22.00,0.00,0.0000,0.0000,-1.3029,0.0000,0,0
2026-08-23 21:43:08.946434,flowbot,0.47128,0.08483,0.44141,0.00000,-0.00000,0.00000,0.00000,6.00,22.00,0.00,0.0000,0.0000,-1.3029,0.0000,0,0
2026-08-23 21:43:08.999890,flowbot,0.47128,0.08483,0.44141,0.00000,-0.00000,0.00000,0.00000,6.00,22.00,0.00,0.0000,0.0000,-1.3029,0.0000,0,0
2026-08-23 21:43:09.052207,flowbot,0.47128,0.08483,0.44141,0.00000,-0.00000,0.00000,0.00000,6.00,22.00,0.00,0.0000,0.0000,-1.4286,0.0000,0,0
2026-08-23 21:43:09.105530,flowbot,0.47128,0.08483,0.44141,0.00000,-0.00000,0.00000,0.00000,6.00,22.00,0.00,0.0000,0.0000,-1.4286,0.0000,0,0
2026-08-23 21:43:09.160875,flowbot,0.47128,0.08483,0.44141,0.00000,-0.00000,0.00000,0.00000,6.00,22.00,0.00,0.0000,0.0000,-1.4286,0.0000,0,0
2026-08-23 21:43:09.214097,flowbot,0.47128,0.08483,0.44141,0.00000,-0.00000,0.00000,0.00000,6.00,22.00,0.00,0.0000,0.0000,-1.4286,0.0000,0,0
2026-08-23 21:43:09.268227,flowbot,0.47128,0.08483,0.44141,0.00000,-0.00000,0.00000,0.00000,6.00,22.00,0.00,0.0000,0.0000,0.0000,0.0000,0,0
2026-08-23 21:43:09.322152,flowbot,0.47128,0.08483,0.44141,0.00000,-0.00000,0.00000,0.00000,6.00,22.00,0.00,0.0000,0.0000,0.0000,0.0000,0,0
2026-08-23 21:43:09.375486,flowbot,0.47128,0.08483,0.44141,0.00000,-0.00000,0.00000,0.00000,6.00,22.00,0.00,0.0000,0.0000,0.0000,0.0000,0,0
2026-08-23 21:43:09.427785,flowbot,0.47128,0.08483,0.44141,0.00000,-0.00000,0.00000,0.00000,6.00,22.00,0.00,0.0000,0.0000,0.0000,0.0000,0,0
2026-08-23 21:43:09.479800,flowbot,0.47128,0.08483,0.44141,0.00000,-0.00000,0.00000,0.00000,6.00,22.00,0.00,0.0000,0.0000,0.0000,0.0000,0,0
2026-08-23 21:43:09.532113,flowbot,0.47128,0.08483,0.44141,0.00000,-0.00000,0.00000,0.00000,6.00,22.00,0.00,0.0000,0.0000,0.0000,0.0000,0,0
2026-08-23 21:43:09.587404,flowbot,0.47128,0.08483,0.44141,0.00000,-0.00000,0.00000,0.00000,6.00,22.00,0.00,0.0000,0.0000,0.0000,0.0000,0,0
2026-08-23 21:43:09.639578,flowbot,0.47128,0.08483,0.44141,0.00000,-0.00000,0.00000,0.00000,6.00,22.00,0.00,0.0000,0.0000,0.0000,0.0000,0,0
2026-08-23 21:43:09.692689,flowbot,0.47128,0.08483,0.44141,0.00000,-0.00000,0.00000,0.00000,6.00,22.00,0.00,0.0000,0.0000,0.0000,0.0000,0,0
2026-08-23 21:43:09.743475,flowbot,0.47128,0.08483,0.44141,0.00000,-0.00000,0.00000,0.00000,6.00,22.00,0.00,0.0000,0.0000,0.0000,0.0000,0,0
2026-08-23 21:43:09.796628,flowbot,0.47128,0.08483,0.44141,0.00000,-0.00000,0.00000,0.00000,6.00,22.00,0.00,0.0000,-0.2429,0.0000,0.0000,0,0
2026-08-23 21:43:09.847647,flowbot,0.47128,0.08483,0.44141,0.00000,-0.00000,0.00000,0.00000,6.00,22.00,0.00,0.0000,-0.2429,0.0000,0.0000,0,0
2026-08-23 21:43:09.900610,flowbot,0.47128,0.08483,0.44141,0.00000,-0.00000,0.00000,0.00000,6.00,22.00,0.00,0.0000,-0.2429,0.0000,0.0000,0,0
2026-08-23 21:43:09.950753,flowbot,0.47128,0.08483,0.44141,0.00000,-0.00000,0.00000,0.00000,6.00,22.00,0.00,0.0000,-0.2429,0.0000,0.0000,0,0
2026-08-23 21:43:10.005655,flowbot,0.47128,0.08483,0.44141,0.00000,-0.00000,0.00000,0.00000,6.00,22.00,0.00,0.0000,-0.2429,0.0000,0.0000,0,0
2026-08-23 21:43:10.060007,flowbot,0.47128,0.08483,0.44141,0.00000,-0.00000,0.00000,0.00000,6.00,21.00,0.00,0.0000,-0.9771,0.2343,0.0000,0,0
2026-08-23 21:43:10.113534,flowbot,0.47128,0.08483,0.44141,0.00000,-0.00000,0.00000,0.00000,6.00,21.00,0.00,0.0000,-0.9771,0.2343,0.0000,0,0
2026-08-23 21:43:10.167123,flowbot,0.47128,0.08483,0.44141,0.00000,-0.00000,0.00000,0.00000,6.00,21.00,0.00,0.0000,-0.9771,0.2343,0.0000,0,0
2026-08-23 21:43:10.221217,flowbot,0.47128,0.08483,0.44141,0.00000,-0.00000,0.00000,0.00000,6.00,21.00,0.00,0.0000,-0.9771,0.2343,0.0000,0,0
2026-08-23 21:43:10.273556,flowbot,0.47128,0.08483,0.44141,0.00000,-0.00000,0.00000,0.00000,6.00,20.00,0.00,0.1457,-0.8857,0.2114,0.0000,0,0
2026-08-23 21:43:10.326536,flowbot,0.47128,0.08483,0.44141,0.00000,-0.00000,0.00000,0.00000,6.00,20.00,0.00,0.1457,-0.8857,0.2114,0.0000,0,0
2026-08-23 21:43:10.381522,flowbot,0.47128,0.08483,0.44141,0.00000,-0.00000,0.00000,0.00000,6.00,20.00,0.00,0.1457,-0.8857,0.2114,0.0000,0,0
2026-08-23 21:43:10.435231,flowbot,0.47128,0.08483,0.44141,0.00000,-0.00000,0.00000,0.00000,6.00,20.00,0.00,0.1457,-0.8857,0.2114,0.0000,0,0
2026-08-23 21:43:10.487943,flowbot,0.47128,0.08483,0.44141,0.00000,-0.00000,0.00000,0.00000,6.00,20.00,0.00,0.1457,-0.8857,0.2114,0.0000,0,0
2026-08-23 21:43:10.541217,flowbot,0.47128,0.08483,0.44141,0.00000,-0.00000,0.00000,0.00000,5.00,19.00,0.00,0.0000,-0.5000,0.1000,0.0000,0,0
2026-08-23 21:43:10.593197,flowbot,0.47128,0.08483,0.44141,0.00000,-0.00000,0.00000,0.00000,5.00,19.00,0.00,0.0000,-0.5000,0.1000,0.0000,0,0
2026-08-23 21:43:10.647217,flowbot,0.47128,0.08483,0.44141,0.00000,-0.00000,0.00000,0.00000,5.00,19.00,0.00,0.0000,-0.5000,0.1000,0.0000,0,0
2026-08-23 21:43:10.699741,flowbot,0.47128,0.08483,0.44141,0.00000,-0.00000,0.00000,0.00000,5.00,19.00,0.00,0.0000,-0.5000,0.1000,0.0000,0,0
2026-08-23 21:43:10.751990,flowbot,0.47128,0.08483,0.44141,0.00000,-0.00000,0.00000,0.00000,5.00,18.00,0.00,0.2429,-1.3914,0.0000,0.0000,0,0
2026-08-23 21:43:10.805529,flowbot,0.47128,0.08483,0.44141,0.00000,-0.00000,0.00000,0.00000,5.00,18.00,0.00,0.2429,-1.3914,0.0000,0.0000,0,0
2026-08-23 21:43:10.873323,flowbot,0.47128,0.08483,0.44141,0.00000,-0.00000,0.00000,0.00000,5.00,18.00,0.00,0.2429,-1.3914,0.0000,0.0000,0,0
2026-08-23 21:43:10.928191,flowbot,0.47128,0.08483,0.44141,0.00000,-0.00000,0.00000,0.00000,5.00,18.00,0.00,0.2429,-1.3914,0.0000,0.0000,0,0
2026-08-23 21:43:10.980101,flowbot,0.47128,0.08483,0.44141,0.00000,-0.00000,0.00000,0.00000,5.00,18.00,0.00,0.2429,-1.3914,0.0000,0.0000,0,0
2026-08-23 21:43:11.033844,flowbot,0.47128,0.08483,0.44141,0.00000,-0.00000,0.00000,0.00000,5.00,18.00,0.00,0.0000,0.0000,0.0000,0.0000,0,0
2026-08-23 21:43:11.088062,flowbot,0.47128,0.08483,0.44141,0.00000,-0.00000,0.00000,0.00000,5.00,18.00,0.00,0.0000,0.0000,0.0000,0.0000,0,0
2026-08-23 21:43:11.147023,flowbot,0.47128,0.08483,0.44141,0.00000,-0.00000,0.00000,0.00000,5.00,18.00,0.00,0.0000,0.0000,0.0000,0.0000,0,0
2026-08-23 21:43:11.197586,flowbot,0.47128,0.08483,0.44141,0.00000,-0.00000,0.00000,0.00000,5.00,18.00,0.00,0.0000,0.0000,0.0000,0.0000,0,0
2026-08-23 21:43:11.248021,flowbot,0.47128,0.08483,0.44141,0.00000,-0.00000,0.00000,0.00000,5.00,18.00,0.00,0.0000,0.0000,0.0000,0.0000,0,0
2026-08-23 21:43:11.298299,flowbot,0.47128,0.08483,0.44141,0.00000,-0.00000,0.00000,0.00000,5.00,18.00,0.00,0.0000,0.0000,0.0000,0.0000,0,0
2026-08-23 21:43:11.352524,flowbot,0.47128,0.08483,0.44141,0.00000,-0.00000,0.00000,0.00000,5.00,18.00,0.00,0.0000,0.0000,0.0000,0.0000,0,0
2026-08-23 21:43:11.406986,flowbot,0.47128,0.08483,0.44141,0.00000,-0.00000,0.00000,0.00000,5.00,18.00,0.00,0.0000,0.0000,0.0000,0.0000,0,0
2026-08-23 21:43:11.458235,flowbot,0.47128,0.08483,0.44141,0.00000,-0.00000,0.00000,0.00000,5.00,18.00,0.00,0.0000,0.0000,0.0000,0.0000,0,0
2026-08-23 21:43:11.512674,flowbot,0.47128,0.08483,0.44141,0.00000,-0.00000,0.00000,0.00000,4.00,16.00,0.00,0.1286,-1.3571,0.1200,0.0000,0,0
2026-08-23 21:43:11.563660,flowbot,0.47128,0.08483,0.44141,0.00000,-0.00000,0.00000,0.00000,4.00,16.00,0.00,0.1286,-1.3571,0.1200,0.0000,0,0
2026-08-23 21:43:11.616609,flowbot,0.47128,0.08483,0.44141,0.00000,-0.00000,0.00000,0.00000,4.00,16.00,0.00,0.1286,-1.3571,0.1200,0.0000,0,0
2026-08-23 21:43:11.666746,flowbot,0.47128,0.08483,0.44141,0.00000,-0.00000,0.00000,0.00000,4.00,16.00,0.00,0.1286,-1.3571,0.1200,0.0000,0,0
2026-08-23 21:43:11.718463,flowbot,0.47128,0.08483,0.44141,0.00000,-0.00000,0.00000,0.00000,4.00,16.00,0.00,0.1286,-1.3571,0.1200,0.0000,0,0
2026-08-23 21:43:11.770199,flowbot,0.47128,0.08483,0.44141,0.00000,-0.00000,0.00000,0.00000,4.00,16.00,0.00,0.0000,-0.2286,0.0000,0.0000,0,0
2026-08-23 21:43:11.824020,flowbot,0.47128,0.08483,0.44141,0.00000,-0.00000,0.00000,0.00000,4.00,16.00,0.00,0.0000,-0.2286,0.0000,0.0000,0,0
2026-08-23 21:43:11.886736,flowbot,0.47128,0.08483,0.44141,0.00000,-0.00000,0.00000,0.00000,4.00,16.00,0.00,0.0000,-0.2286,0.0000,0.0000,0,0
2026-08-23 21:43:11.938372,flowbot,0.47128,0.08483,0.44141,0.00000,-0.00000,0.00000,0.00000,4.00,16.00,0.00,0.0000,-0.2286,0.0000,0.0000,0,0
2026-08-23 21:43:11.992375,flowbot,0.47128,0.08483,0.44141,0.00000,-0.00000,0.00000,0.00000,3.00,14.00,0.00,0.2029,-1.3743,0.0000,0.0000,0,0
2026-08-23 21:43:12.045248,flowbot,0.47128,0.08483,0.44141,0.00000,-0.00000,0.00000,0.00000,3.00,14.00,0.00,0.2029,-1.3743,0.0000,0.0000,0,0
2026-08-23 21:43:12.096402,flowbot,0.47128,0.08483,0.44141,0.00000,-0.00000,0.00000,0.00000,3.00,14.00,0.00,0.2029,-1.3743,0.0000,0.0000,0,0
2026-08-23 21:43:12.147532,flowbot,0.47128,0.08483,0.44141,0.00000,-0.00000,0.00000,0.00000,3.00,14.00,0.00,0.2029,-1.3743,0.0000,0.0000,0,0
2026-08-23 21:43:12.201755,flowbot,0.47128,0.08483,0.44141,0.00000,-0.00000,0.00000,0.00000,3.00,14.00,0.00,0.2029,-1.3743,0.0000,0.0000,0,0
2026-08-23 21:43:12.254252,flowbot,0.47128,0.08483,0.44141,0.00000,-0.00000,0.00000,0.00000,3.00,13.00,0.00,0.1343,-1.2971,0.1143,0.0000,0,0
2026-08-23 21:43:12.305929,flowbot,0.47128,0.08483,0.44141,0.00000,-0.00000,0.00000,0.00000,3.00,13.00,0.00,0.1343,-1.2971,0.1143,0.0000,0,0
2026-08-23 21:43:12.358088,flowbot,0.47128,0.08483,0.44141,0.00000,-0.00000,0.00000,0.00000,3.00,13.00,0.00,0.1343,-1.2971,0.1143,0.0000,0,0
2026-08-23 21:43:12.413990,flowbot,0.47128,0.08483,0.44141,0.00000,-0.00000,0.00000,0.00000,3.00,13.00,0.00,0.1343,-1.2971,0.1143,0.0000,0,0
2026-08-23 21:43:12.465287,flowbot,0.47128,0.08483,0.44141,0.00000,-0.00000,0.00000,0.00000,3.00,12.00,0.00,0.0000,-0.2629,0.0000,0.0000,0,0
2026-08-23 21:43:12.519384,flowbot,0.47128,0.08483,0.44141,0.00000,-0.00000,0.00000,0.00000,3.00,12.00,0.00,0.0000,-0.2629,0.0000,0.0000,0,0
2026-08-23 21:43:12.582677,flowbot,0.47128,0.08483,0.44141,0.00000,-0.00000,0.00000,0.00000,3.00,12.00,0.00,0.0000,-0.2629,0.0000,0.0000,0,0
2026-08-23 21:43:12.637980,flowbot,0.47128,0.08483,0.44141,0.00000,-0.00000,0.00000,0.00000,3.00,12.00,0.00,0.0000,-0.2629,0.0000,0.0000,0,0
2026-08-23 21:43:12.691759,flowbot,0.47128,0.08483,0.44141,0.00000,-0.00000,0.00000,0.00000,3.00,12.00,0.00,0.0000,-0.2629,0.0000,0.0000,0,0
2026-08-23 21:43:12.743092,flowbot,0.47128,0.08483,0.44141,0.00000,-0.00000,0.00000,0.00000,2.00,11.00,0.00,0.2114,-1.4286,0.1286,0.0000,0,0
2026-08-23 21:43:12.794429,flowbot,0.47128,0.08483,0.44141,0.00000,-0.00000,0.00000,0.00000,2.00,11.00,0.00,0.2114,-1.4286,0.1286,0.0000,0,0
2026-08-23 21:43:12.848186,flowbot,0.47128,0.08483,0.44141,0.00000,-0.00000,0.00000,0.00000,2.00,11.00,0.00,0.2114,-1.4286,0.1286,0.0000,0,0
2026-08-23 21:43:12.902251,flowbot,0.47128,0.08483,0.44141,0.00000,-0.00000,0.00000,0.00000,2.00,11.00,0.00,0.2114,-1.4286,0.1286,0.0000,0,0
2026-08-23 21:43:12.953700,flowbot,0.47128,0.08483,0.44141,0.00000,-0.00000,0.00000,0.00000,2.00,11.00,0.00,0.2114,-1.4286,0.1286,0.0000,0,0
2026-08-23 21:43:13.007114,flowbot,0.47128,0.08483,0.44141,0.00000,-0.00000,0.00000,0.00000,2.00,11.00,0.00,0.0000,-0.1257,0.0000,0.0000,0,0
2026-08-23 21:43:13.059572,flowbot,0.47128,0.08483,0.44141,0.00000,-0.00000,0.00000,0.00000,2.00,11.00,0.00,0.0000,-0.1257,0.0000,0.0000,0,0
2026-08-23 21:43:13.110162,flowbot,0.47128,0.08483,0.44141,0.00000,-0.00000,0.00000,0.00000,2.00,11.00,0.00,0.0000,-0.1257,0.0000,0.0000,0,0
2026-08-23 21:43:13.161731,flowbot,0.47128,0.08483,0.44141,0.00000,-0.00000,0.00000,0.00000,2.00,11.00,0.00,0.0000,-0.1257,0.0000,0.0000,0,0
2026-08-23 21:43:13.213745,flowbot,0.47128,0.08483,0.44141,0.00000,-0.00000,0.00000,0.00000,2.00,9.00,0.00,0.2800,-1.3429,0.0000,0.0000,0,0
2026-08-23 21:43:13.265702,flowbot,0.47128,0.08483,0.44141,0.00000,-0.00000,0.00000,0.00000,2.00,9.00,0.00,0.2800,-1.3429,0.0000,0.0000,0,0
2026-08-23 21:43:13.319905,flowbot,0.47128,0.08483,0.44141,0.00000,-0.00000,0.00000,0.00000,2.00,9.00,0.00,0.2800,-1.3429,0.0000,0.0000,0,0
2026-08-23 21:43:13.374574,flowbot,0.47128,0.08483,0.44141,0.00000,-0.00000,0.00000,0.00000,2.00,9.00,0.00,0.2800,-1.3429,0.0000,0.0000,0,0
2026-08-23 21:43:13.427851,flowbot,0.47128,0.08483,0.44141,0.00000,-0.00000,0.00000,0.00000,2.00,9.00,0.00,0.2800,-1.3429,0.0000,0.0000,0,0
2026-08-23 21:43:13.481692,flowbot,0.47128,0.08483,0.44141,0.00000,-0.00000,0.00000,0.00000,2.00,9.00,0.00,0.0000,-0.4686,0.0000,0.0000,0,0
2026-08-23 21:43:13.535162,flowbot,0.47128,0.08483,0.44141,0.00000,-0.00000,0.00000,0.00000,2.00,9.00,0.00,0.0000,-0.4686,0.0000,0.0000,0,0
2026-08-23 21:43:13.588481,flowbot,0.47128,0.08483,0.44141,0.00000,-0.00000,0.00000,0.00000,2.00,9.00,0.00,0.0000,-0.4686,0.0000,0.0000,0,0
2026-08-23 21:43:13.641612,flowbot,0.47128,0.08483,0.44141,0.00000,-0.00000,0.00000,0.00000,2.00,9.00,0.00,0.0000,-0.4686,0.0000,0.0000,0,0
2026-08-23 21:43:13.697131,flowbot,0.47128,0.08483,0.44141,0.00000,-0.00000,0.00000,0.00000,2.00,9.00,0.00,0.0000,-0.4686,0.0000,0.0000,0,0
2026-08-23 21:43:13.749130,flowbot,0.47128,0.08483,0.44141,0.00000,-0.00000,0.00000,0.00000,2.00,9.00,0.00,0.0000,0.0000,0.0000,0.0000,0,0
2026-08-23 21:43:13.806257,flowbot,0.47128,0.08483,0.44141,0.00000,-0.00000,0.00000,0.00000,2.00,9.00,0.00,0.0000,0.0000,0.0000,0.0000,0,0
2026-08-23 21:43:13.860081,flowbot,0.47128,0.08483,0.44141,0.00000,-0.00000,0.00000,0.00000,2.00,9.00,0.00,0.0000,0.0000,0.0000,0.0000,0,0
2026-08-23 21:43:13.911378,flowbot,0.47128,0.08483,0.44141,0.00000,-0.00000,0.00000,0.00000,2.00,9.00,0.00,0.0000,0.0000,0.0000,0.0000,0,0
2026-08-23 21:43:13.965212,franka,0.47128,0.08483,0.44141,0.00000,-0.00000,0.00000,0.00000,2.00,9.00,0.00,0.0000,0.0000,0.0000,0.0000,0,0
2026-08-23 21:43:14.019932,franka,0.47129,0.08482,0.44142,0.00000,-0.00000,0.00000,0.00000,2.00,9.00,0.00,0.0000,0.0000,0.0000,0.0000,0,0
2026-08-23 21:43:14.070979,franka,0.47128,0.08481,0.44141,0.00000,0.00000,0.00000,0.00000,2.00,9.00,0.00,0.0000,0.0000,0.0000,0.0000,0,0
2026-08-23 21:43:14.121948,franka,0.47128,0.08481,0.44142,0.00000,0.00000,0.00000,0.00000,2.00,9.00,0.00,0.0000,0.0000,0.0000,0.0000,0,0
2026-08-23 21:43:14.172884,franka,0.47128,0.08481,0.44141,0.00000,0.00000,0.00000,0.00000,2.00,9.00,0.00,0.0000,0.0000,0.0000,0.0000,0,0
2026-08-23 21:43:14.223848,franka,0.47128,0.08481,0.44141,0.00000,0.00000,0.00000,0.00000,2.00,9.00,0.00,0.0000,0.0000,0.0000,0.0000,0,0
2026-08-23 21:43:14.274671,franka,0.47128,0.08481,0.44142,0.00000,0.00000,0.00000,0.00000,2.00,9.00,0.00,0.0000,-0.0143,0.0000,0.0000,0,0
2026-08-23 21:43:14.325316,franka,0.47128,0.08481,0.44142,0.00000,0.00000,0.00000,0.00000,2.00,9.00,0.00,0.0000,-0.0143,0.0000,0.0000,0,0
2026-08-23 21:43:14.376265,franka,0.47128,0.08481,0.44141,0.00000,0.00000,0.00000,0.00000,2.00,9.00,0.00,0.0000,-0.0143,0.0000,0.0000,0,0
2026-08-23 21:43:14.427616,franka,0.47128,0.08481,0.44141,0.00000,0.00000,0.00000,0.00000,2.00,9.00,0.00,0.0000,-0.0143,0.0000,0.0000,0,0
2026-08-23 21:43:14.478915,franka,0.47128,0.08481,0.44142,0.00000,0.00000,0.00000,0.00000,2.00,9.00,0.00,0.0000,-0.0143,0.0000,0.0000,0,0
2026-08-23 21:43:14.529925,franka,0.47128,0.08481,0.44141,0.00000,0.00000,0.00000,0.00000,2.00,9.00,0.00,0.0000,-0.0143,0.0000,0.0000,0,0
2026-08-23 21:43:14.581062,franka,0.47128,0.08481,0.44141,0.00000,0.00000,0.00000,0.00000,2.00,9.00,0.00,0.0000,-0.0143,0.0000,0.0000,0,0
2026-08-23 21:43:14.631784,franka,0.47128,0.08481,0.44142,0.00000,0.00000,0.00000,0.00000,2.00,9.00,0.00,0.0000,-0.0143,0.0000,0.0000,0,0
2026-08-23 21:43:14.682817,franka,0.47128,0.08481,0.44141,0.00000,0.00000,0.00000,0.00000,2.00,9.00,0.00,0.0000,-0.0143,0.0000,0.0000,0,0
2026-08-23 21:43:14.733803,franka,0.47128,0.08481,0.44141,0.00000,0.00000,0.00000,0.00000,2.00,9.00,0.00,0.0000,-0.0143,0.0000,0.0000,0,0
2026-08-23 21:43:14.784807,franka,0.47128,0.08481,0.44142,0.00000,0.00000,0.00000,0.00000,2.00,9.00,0.00,0.0000,-0.0143,0.0000,0.0000,0,0
2026-08-23 21:43:14.835791,franka,0.47128,0.08481,0.44142,0.00000,0.00000,0.00000,0.00000,2.00,9.00,0.00,0.0000,-0.0143,0.0000,0.0000,0,0
2026-08-23 21:43:14.886833,franka,0.47128,0.08481,0.44141,0.00000,0.00000,0.00000,0.00000,2.00,9.00,0.00,0.0000,-0.0143,0.0000,0.0000,0,0
2026-08-23 21:43:14.937685,franka,0.47128,0.08481,0.44141,0.00000,0.00000,0.00000,0.00000,2.00,9.00,0.00,0.0000,-0.0143,0.0000,0.0000,0,0
2026-08-23 21:43:14.988598,franka,0.47128,0.08481,0.44142,0.00000,0.00000,0.00000,0.00000,2.00,9.00,0.00,0.0000,-0.0143,0.0000,0.0000,0,0
2026-08-23 21:43:15.039416,franka,0.47128,0.08481,0.44142,0.00000,0.00000,0.00000,0.00000,2.00,9.00,0.00,0.0000,-0.0143,0.0000,0.0000,0,0
2026-08-23 21:43:15.090152,franka,0.47128,0.08481,0.44141,0.00000,0.00000,0.00000,0.00000,2.00,9.00,0.00,0.0000,-0.0143,0.0000,0.0000,0,0
2026-08-23 21:43:15.140932,franka,0.47128,0.08481,0.44141,0.00000,0.00000,0.00000,0.00000,2.00,9.00,0.00,0.0000,0.0000,0.0000,0.0000,0,0
2026-08-23 21:43:15.191983,franka,0.47128,0.08481,0.44142,0.00000,0.00000,0.00000,0.00000,2.00,9.00,0.00,0.0000,0.0000,0.0000,0.0000,0,0
2026-08-23 21:43:15.242834,franka,0.47128,0.08481,0.44142,0.00000,0.00000,0.00000,0.00000,2.00,9.00,0.00,0.0000,0.0000,0.0000,0.0000,0,0
2026-08-23 21:43:15.293936,franka,0.47128,0.08481,0.44142,0.00000,0.00000,0.00000,0.00000,2.00,9.00,0.00,0.0000,0.0000,0.0000,0.0000,0,0
2026-08-23 21:43:15.344914,franka,0.47128,0.08481,0.44142,0.00000,0.00000,0.00000,0.00000,2.00,9.00,0.00,0.0000,0.0000,0.0000,0.0000,0,0
2026-08-23 21:43:15.396131,franka,0.47128,0.08481,0.44142,0.00000,0.00000,0.00000,0.00000,2.00,9.00,0.00,0.0000,0.0000,0.0000,0.0000,0,0
2026-08-23 21:43:15.447350,franka,0.47128,0.08481,0.44142,0.00000,0.00000,0.00000,0.00000,2.00,9.00,0.00,0.0000,0.0000,0.0000,0.0000,0,0
2026-08-23 21:43:15.498404,franka,0.47128,0.08481,0.44141,0.00000,0.00000,0.00000,0.00000,2.00,9.00,0.00,0.0057,0.0000,0.0000,0.0029,0,0
2026-08-23 21:43:15.549512,franka,0.47128,0.08481,0.44142,0.00000,0.00000,0.00000,0.00000,2.00,9.00,0.00,0.0114,0.0000,0.0000,0.0229,0,0
2026-08-23 21:43:15.600784,franka,0.47128,0.08481,0.44141,0.00000,0.00000,0.00000,0.00000,2.00,9.00,0.00,0.0000,0.0000,0.0000,0.0086,0,0
2026-08-23 21:43:15.652110,franka,0.47128,0.08481,0.44142,0.00000,0.00000,0.00000,0.00000,2.00,9.00,0.00,0.0000,0.0000,0.0000,0.0000,0,0
2026-08-23 21:43:15.703448,franka,0.47128,0.08481,0.44142,0.00000,0.00000,0.00000,0.00000,2.00,9.00,0.00,0.0000,-0.0343,0.0000,0.0000,0,0
2026-08-23 21:43:15.754293,franka,0.47128,0.08481,0.44142,0.00000,0.00000,0.00000,0.00000,2.00,9.00,0.00,0.0000,0.0000,0.0000,0.0000,0,0
2026-08-23 21:43:15.805338,franka,0.47128,0.08481,0.44142,0.00000,0.00000,0.00000,0.00000,2.00,9.00,0.00,0.0000,0.0000,0.0000,0.0000,0,0
2026-08-23 21:43:15.855989,franka,0.47128,0.08481,0.44142,0.00000,0.00000,0.00000,0.00000,2.00,9.00,0.00,0.0000,0.0000,0.0000,0.0000,0,0
2026-08-23 21:43:15.906733,franka,0.47128,0.08481,0.44142,0.00000,0.00000,0.00000,0.00000,2.00,9.00,0.00,0.0000,0.0000,0.0000,0.0000,0,0
2026-08-23 21:43:15.957657,franka,0.47128,0.08481,0.44142,0.00000,0.00000,0.00000,0.00000,2.00,9.00,0.00,0.0543,-0.1914,-0.0343,0.0257,0,0
2026-08-23 21:43:16.008936,franka,0.47128,0.08481,0.44142,0.00000,0.00000,0.00000,0.00000,2.00,9.00,0.00,0.0657,-0.4000,-0.1143,0.0171,0,0
2026-08-23 21:43:16.060073,franka,0.47128,0.08481,0.44142,0.00000,-0.00355,0.00000,0.00000,2.00,9.00,0.00,0.0914,-0.6657,-0.1657,0.0143,0,0
2026-08-23 21:43:16.110902,franka,0.47128,0.08400,0.44144,0.00000,-0.02999,0.00000,0.00000,2.00,9.00,0.00,0.0886,-0.7914,-0.1714,0.0000,0,0
2026-08-23 21:43:16.161639,franka,0.47129,0.08237,0.44144,0.00000,-0.03000,0.00000,0.00000,2.00,9.00,0.00,0.0886,-0.8829,-0.1543,0.0000,0,0
2026-08-23 21:43:16.212331,franka,0.47129,0.08082,0.44144,0.00000,-0.03000,0.00000,0.00000,2.00,9.00,0.00,0.1029,-0.9343,-0.1457,0.0000,0,0
2026-08-23 21:43:16.263032,franka,0.47128,0.07941,0.44143,0.00000,-0.03000,0.00000,0.00000,2.00,9.00,0.00,0.1114,-0.9486,-0.1486,0.0000,0,0
2026-08-23 21:43:16.313749,franka,0.47129,0.07784,0.44143,0.00000,-0.03000,0.00000,0.00000,2.00,9.00,0.00,0.1200,-0.9600,-0.1486,0.0000,0,0
2026-08-23 21:43:16.364527,franka,0.47130,0.07632,0.44145,0.00000,-0.03000,0.00000,0.00000,2.00,9.00,0.00,0.1143,-0.9629,-0.1371,0.0000,0,0
2026-08-23 21:43:16.415237,franka,0.47129,0.07481,0.44144,0.00000,-0.03000,0.00000,0.00000,2.00,9.00,0.00,0.1114,-0.9629,-0.1371,0.0000,0,0
2026-08-23 21:43:16.465921,franka,0.47129,0.07180,0.44143,0.00000,-0.03000,0.00000,0.00000,2.00,9.00,0.00,0.1029,-0.9600,-0.1286,0.0000,0,0
2026-08-23 21:43:16.516877,franka,0.47129,0.07023,0.44145,0.00000,-0.03000,0.00000,0.00000,2.00,9.00,0.00,0.1000,-0.9600,-0.1286,0.0000,0,0
2026-08-23 21:43:16.567853,franka,0.47129,0.06870,0.44144,0.00000,-0.03000,0.00000,0.00000,2.00,9.00,0.00,0.0914,-0.9571,-0.1229,0.0000,0,0
2026-08-23 21:43:16.619052,franka,0.47129,0.06726,0.44144,0.00000,-0.03000,0.00000,0.00000,2.00,9.00,0.00,0.0829,-0.9514,-0.1171,0.0000,0,0
2026-08-23 21:43:16.670462,franka,0.47129,0.06572,0.44144,0.00000,-0.03000,0.00000,0.00000,2.00,9.00,0.00,0.0771,-0.9514,-0.1171,0.0000,0,0
2026-08-23 21:43:16.721616,franka,0.47129,0.06416,0.44144,0.00000,-0.03000,0.00000,0.00000,2.00,9.00,0.00,0.0771,-0.9486,-0.1171,0.0000,0,0
2026-08-23 21:43:16.772651,franka,0.47129,0.06270,0.44143,0.00000,-0.03000,0.00000,0.00000,2.00,9.00,0.00,0.0743,-0.9457,-0.1143,0.0000,0,0
2026-08-23 21:43:16.823456,franka,0.47129,0.06116,0.44143,0.00000,-0.03000,0.00000,0.00000,2.00,9.00,0.00,0.0743,-0.9429,-0.1143,0.0000,0,0
2026-08-23 21:43:16.874344,franka,0.47129,0.05966,0.44143,0.00000,-0.03000,0.00000,0.00000,2.00,9.00,0.00,0.0743,-0.9314,-0.1171,0.0000,0,0
2026-08-23 21:43:16.925335,franka,0.47129,0.05813,0.44143,0.00000,-0.03000,0.00000,0.00000,2.00,9.00,0.00,0.0743,-0.9257,-0.1171,0.0000,0,0
2026-08-23 21:43:16.976075,franka,0.47129,0.05663,0.44142,0.00000,-0.03000,0.00000,0.00000,2.00,9.00,0.00,0.0743,-0.9200,-0.1171,0.0000,0,0
2026-08-23 21:43:17.026843,franka,0.47129,0.05511,0.44144,0.00000,-0.03000,0.00000,0.00000,2.00,9.00,0.00,0.0714,-0.9114,-0.1171,0.0000,0,0
2026-08-23 21:43:17.077846,franka,0.47129,0.05361,0.44143,0.00000,-0.03000,0.00000,0.00000,2.00,9.00,0.00,0.0714,-0.9114,-0.1171,0.0000,0,0
2026-08-23 21:43:17.128889,franka,0.47129,0.05208,0.44143,0.00000,-0.03000,0.00000,0.00000,2.00,9.00,0.00,0.0714,-0.9143,-0.1171,0.0000,0,0
2026-08-23 21:43:17.180084,franka,0.47129,0.05054,0.44143,0.00000,-0.03000,0.00000,0.00000,2.00,9.00,0.00,0.0686,-0.9143,-0.1171,0.0000,0,0
2026-08-23 21:43:17.230846,franka,0.47129,0.04904,0.44144,0.00000,-0.03000,0.00000,0.00000,2.00,9.00,0.00,0.0714,-0.9143,-0.1200,0.0000,0,0
2026-08-23 21:43:17.281764,franka,0.47129,0.04752,0.44143,0.00000,-0.03000,0.00000,0.00000,2.00,9.00,0.00,0.0714,-0.9143,-0.1200,0.0000,0,0
2026-08-23 21:43:17.332455,franka,0.47130,0.04601,0.44144,0.00000,-0.03000,0.00000,0.00000,2.00,9.00,0.00,0.0714,-0.9200,-0.1200,0.0000,0,0
2026-08-23 21:43:17.383319,franka,0.47130,0.04447,0.44144,0.00000,-0.03000,0.00000,0.00000,2.00,9.00,0.00,0.0714,-0.9229,-0.1200,0.0000,0,0
2026-08-23 21:43:17.434231,franka,0.47130,0.04299,0.44144,0.00000,-0.03000,0.00000,0.00000,2.00,9.00,0.00,0.0714,-0.9257,-0.1200,0.0000,0,0
2026-08-23 21:43:17.485476,franka,0.47130,0.04147,0.44144,0.00000,-0.03000,0.00000,0.00000,2.00,9.00,0.00,0.0714,-0.9314,-0.1200,0.0000,0,0
2026-08-23 21:43:17.536377,franka,0.47129,0.03995,0.44144,0.00000,-0.03000,0.00000,0.00000,2.00,9.00,0.00,0.0743,-0.9343,-0.1171,0.0000,0,0
2026-08-23 21:43:17.587322,franka,0.47130,0.03842,0.44144,0.00000,-0.03000,0.00000,0.00000,2.00,9.00,0.00,0.0743,-0.9314,-0.1171,0.0000,0,0
2026-08-23 21:43:17.638697,franka,0.47129,0.03693,0.44144,0.00000,-0.03000,0.00000,0.00000,2.00,9.00,0.00,0.0743,-0.9343,-0.1143,0.0000,0,0
2026-08-23 21:43:17.689816,franka,0.47129,0.03541,0.44144,0.00000,-0.03000,0.00000,0.00000,2.00,9.00,0.00,0.0714,-0.9371,-0.1143,0.0000,0,0
2026-08-23 21:43:17.740827,franka,0.47129,0.03389,0.44144,0.00000,-0.03000,0.00000,0.00000,2.00,9.00,0.00,0.0743,-0.9400,-0.1143,0.0000,0,0
2026-08-23 21:43:17.791701,franka,0.47129,0.03236,0.44144,0.00000,-0.03000,0.00000,0.00000,2.00,9.00,0.00,0.0743,-0.9314,-0.1143,0.0000,0,0
2026-08-23 21:43:17.842968,franka,0.47129,0.03084,0.44144,0.00000,-0.03000,0.00000,0.00000,2.00,9.00,0.00,0.0743,-0.9029,-0.1229,0.0000,0,0
2026-08-23 21:43:17.894341,franka,0.47129,0.02934,0.44144,0.00000,-0.03000,0.00000,0.00000,2.00,9.00,0.00,0.0800,-0.8714,-0.1229,0.0000,0,0
2026-08-23 21:43:17.945514,franka,0.47129,0.02784,0.44143,0.00000,-0.03000,0.00000,0.00000,2.00,9.00,0.00,0.0857,-0.8543,-0.1257,0.0000,0,0
2026-08-23 21:43:17.996474,franka,0.47129,0.02630,0.44143,0.00000,-0.03000,0.00000,0.00000,2.00,9.00,0.00,0.0886,-0.8086,-0.1257,0.0000,0,0
2026-08-23 21:43:18.047474,franka,0.47129,0.02480,0.44144,0.00000,-0.03000,0.00000,0.00000,2.00,9.00,0.00,0.0743,-0.5971,-0.0857,0.0000,0,0
2026-08-23 21:43:18.098451,franka,0.47129,0.02328,0.44144,0.00000,-0.03000,0.00000,0.00000,2.00,9.00,0.00,0.0000,-0.2200,0.0000,-0.0057,0,0
2026-08-23 21:43:18.149457,franka,0.47129,0.02203,0.44143,0.00000,-0.01088,0.00000,0.00000,2.00,9.00,0.00,0.0000,0.0000,0.0000,0.0286,0,0
2026-08-23 21:43:18.200771,franka,0.47130,0.02181,0.44143,0.00000,-0.00000,0.00000,0.00000,2.00,9.00,0.00,0.0000,0.0000,0.0000,0.0000,0,0
2026-08-23 21:43:18.251736,franka,0.47129,0.02198,0.44143,0.00000,-0.00000,0.00000,0.00000,2.00,9.00,0.00,-0.1000,0.1257,0.0000,0.0286,0,0
2026-08-23 21:43:18.303002,franka,0.47129,0.02193,0.44143,0.00000,-0.00000,0.00000,0.00000,2.00,9.00,0.00,-0.2600,0.3029,-0.0257,0.1829,0,0
2026-08-23 21:43:18.354106,franka,0.47102,0.02212,0.44147,-0.02029,0.02029,0.00000,0.00000,2.00,9.00,0.00,-0.1400,0.5143,-0.0114,0.0400,0,0
2026-08-23 21:43:18.405229,franka,0.47023,0.02333,0.44133,-0.00056,0.02971,0.00000,0.00000,2.00,9.00,0.00,-0.0657,0.6171,-0.0114,0.0000,0,0
2026-08-23 21:43:18.456060,franka,0.47020,0.02488,0.44144,-0.00000,0.03000,0.00000,0.00000,2.00,9.00,0.00,-0.0657,0.6171,-0.0114,0.0000,0,0
2026-08-23 21:43:18.506897,franka,0.47022,0.02639,0.44148,-0.00000,0.03000,0.00000,0.00000,2.00,9.00,0.00,-0.0286,0.7486,-0.0114,0.0000,0,0
2026-08-23 21:43:18.557604,franka,0.47021,0.02783,0.44128,0.00000,0.03000,0.00000,0.00000,2.00,9.00,0.00,-0.0029,0.9429,-0.0171,-0.0514,0,0
2026-08-23 21:43:18.608366,franka,0.47021,0.02937,0.44149,0.00000,0.03000,0.00000,0.00000,2.00,9.00,0.00,0.0000,1.0000,-0.0657,-0.1286,0,0
2026-08-23 21:43:18.659274,franka,0.47021,0.03092,0.44146,0.00000,0.03000,0.00000,0.00000,2.00,9.00,0.00,0.0000,1.0000,-0.0657,-0.1286,0,0
2026-08-23 21:43:18.710094,franka,0.47021,0.03243,0.44137,0.00000,0.03000,0.00000,0.00000,2.00,9.00,0.00,0.0000,1.0000,-0.0657,-0.1286,0,0
2026-08-23 21:43:18.760838,franka,0.47021,0.03392,0.44141,0.00000,0.03000,0.00000,0.00000,2.00,9.00,0.00,0.0000,1.0000,-0.0629,-0.1257,0,0
2026-08-23 21:43:18.811610,franka,0.47021,0.03545,0.44149,0.00000,0.03000,0.00000,0.00000,2.00,9.00,0.00,0.0000,1.0000,-0.0771,-0.1314,0,0
2026-08-23 21:43:18.862329,franka,0.47021,0.03700,0.44141,0.00000,0.03000,0.00000,0.00000,2.00,9.00,0.00,0.0000,1.0000,-0.0771,-0.1314,0,0
2026-08-23 21:43:18.913043,franka,0.47021,0.03848,0.44139,0.00000,0.03000,0.00000,0.00000,2.00,9.00,0.00,0.0000,1.0000,-0.0829,-0.1343,0,0
2026-08-23 21:43:18.963905,franka,0.47021,0.03998,0.44148,0.00000,0.03000,0.00000,0.00000,2.00,9.00,0.00,0.0000,1.0000,-0.0829,-0.1343,0,0
2026-08-23 21:43:19.014713,franka,0.47021,0.04151,0.44145,0.00000,0.03000,0.00000,0.00000,2.00,9.00,0.00,0.0000,1.0000,-0.0829,-0.1343,0,0
2026-08-23 21:43:19.065439,franka,0.47021,0.04301,0.44141,0.00000,0.03000,0.00000,0.00000,2.00,9.00,0.00,0.0000,1.0000,-0.0829,-0.1343,0,0
2026-08-23 21:43:19.116460,franka,0.47021,0.04451,0.44145,0.00000,0.03000,0.00000,0.00000,2.00,9.00,0.00,0.0000,1.0000,-0.0829,-0.1343,0,0
2026-08-23 21:43:19.167447,franka,0.47021,0.04604,0.44148,0.00000,0.03000,0.00000,0.00000,2.00,9.00,0.00,0.0000,1.0000,-0.0829,-0.1343,0,0
2026-08-23 21:43:19.218185,franka,0.47021,0.04754,0.44143,0.00000,0.03000,0.00000,0.00000,2.00,9.00,0.00,0.0000,1.0000,-0.0829,-0.1343,0,0
2026-08-23 21:43:19.269035,franka,0.47021,0.04907,0.44144,0.00000,0.03000,0.00000,0.00000,2.00,9.00,0.00,0.0000,1.0000,-0.0829,-0.1343,0,0
2026-08-23 21:43:19.319912,franka,0.47021,0.05058,0.44146,0.00000,0.03000,0.00000,0.00000,2.00,9.00,0.00,0.0000,1.0000,-0.0829,-0.1343,0,0
2026-08-23 21:43:19.370769,franka,0.47021,0.05210,0.44145,0.00000,0.03000,0.00000,0.00000,2.00,9.00,0.00,0.0000,1.0000,-0.1143,-0.1314,0,0
2026-08-23 21:43:19.421658,franka,0.47021,0.05358,0.44143,0.00000,0.03000,0.00000,0.00000,2.00,9.00,0.00,0.0000,1.0000,-0.1286,-0.1200,0,0
2026-08-23 21:43:19.472674,franka,0.47021,0.05510,0.44145,0.00000,0.03000,0.00000,0.00000,2.00,9.00,0.00,0.0000,1.0000,-0.1286,-0.1200,0,0
2026-08-23 21:43:19.523667,franka,0.47021,0.05664,0.44146,0.00000,0.03000,0.00000,0.00000,2.00,9.00,0.00,0.0000,1.0000,-0.1286,-0.1200,0,0
2026-08-23 21:43:19.574736,franka,0.47021,0.05812,0.44144,0.00000,0.03000,0.00000,0.00000,2.00,9.00,0.00,0.0000,1.0000,-0.1286,-0.1200,0,0
2026-08-23 21:43:19.625708,franka,0.47021,0.05965,0.44143,0.00000,0.03000,0.00000,0.00000,2.00,9.00,0.00,0.0000,1.0000,-0.1286,-0.1200,0,0
2026-08-23 21:43:19.676651,franka,0.47021,0.06116,0.44145,0.00000,0.03000,0.00000,0.00000,2.00,9.00,0.00,0.0000,1.0000,-0.1286,-0.1200,0,0
2026-08-23 21:43:19.727638,franka,0.47021,0.06266,0.44144,0.00000,0.03000,0.00000,0.00000,2.00,9.00,0.00,0.0000,1.0000,-0.1286,-0.1200,0,0
2026-08-23 21:43:19.778576,franka,0.47021,0.06418,0.44143,0.00000,0.03000,0.00000,0.00000,2.00,9.00,0.00,0.0000,1.0000,-0.1286,-0.1200,0,0
2026-08-23 21:43:19.829378,franka,0.47021,0.06568,0.44144,0.00000,0.03000,0.00000,0.00000,2.00,9.00,0.00,0.0000,1.0000,-0.1286,-0.1200,0,0
2026-08-23 21:43:19.880541,franka,0.47021,0.06719,0.44145,0.00000,0.03000,0.00000,0.00000,2.00,9.00,0.00,0.0000,1.0000,-0.1286,-0.1200,0,0
2026-08-23 21:43:19.931548,franka,0.47021,0.06872,0.44144,0.00000,0.03000,0.00000,0.00000,2.00,9.00,0.00,0.0000,1.0000,-0.1371,-0.1229,0,0
2026-08-23 21:43:19.982360,franka,0.47021,0.07021,0.44145,0.00000,0.02769,0.00000,0.00000,2.00,9.00,0.00,0.0000,0.0000,0.0000,0.0000,0,0
2026-08-23 21:43:20.033195,franka,0.47020,0.07091,0.44146,0.00000,0.00001,0.00000,0.00000,2.00,9.00,0.00,0.0000,0.0000,0.0000,0.0000,0,0
2026-08-23 21:43:20.084054,franka,0.47021,0.07086,0.44145,0.00000,0.00000,0.00000,0.00000,2.00,9.00,0.00,0.0000,0.0000,0.0000,0.0000,0,0
2026-08-23 21:43:20.134890,franka,0.47022,0.07080,0.44145,0.00000,0.00000,0.00000,0.00000,2.00,9.00,0.00,0.0000,0.0000,0.0000,0.0000,0,0
2026-08-23 21:43:20.185819,franka,0.47021,0.07088,0.44145,0.00000,0.00000,0.00000,0.00000,2.00,9.00,0.00,0.0000,0.0000,0.0000,0.0000,0,0
2026-08-23 21:43:20.236748,franka,0.47021,0.07086,0.44145,0.00000,0.00000,0.00000,0.00000,2.00,9.00,0.00,0.0000,0.0000,0.0000,0.0000,0,0
2026-08-23 21:43:20.287939,franka,0.47021,0.07087,0.44145,0.00000,0.00000,0.00000,0.00000,2.00,9.00,0.00,0.0000,0.0000,0.0000,0.0000,0,0
2026-08-23 21:43:20.338794,franka,0.47021,0.07087,0.44145,0.00000,0.00000,0.00000,0.00000,2.00,9.00,0.00,0.0000,0.0000,0.0000,0.0000,0,0
2026-08-23 21:43:20.389816,franka,0.47021,0.07086,0.44145,0.00000,0.00000,0.00000,0.00000,2.00,9.00,0.00,0.0000,0.0000,0.0000,0.0000,0,0
2026-08-23 21:43:20.440886,franka,0.47021,0.07087,0.44145,0.00000,0.00000,0.00000,0.00000,2.00,9.00,0.00,0.0000,0.0000,0.0000,0.0000,0,0
2026-08-23 21:43:20.491794,franka,0.47021,0.07086,0.44145,0.00000,0.00000,0.00000,0.00000,2.00,9.00,0.00,0.0000,0.0000,0.0000,0.0000,0,0
2026-08-23 21:43:20.542810,franka,0.47021,0.07086,0.44145,0.00000,0.00000,0.00000,0.00000,2.00,9.00,0.00,0.0000,0.0000,0.0000,0.0000,0,0
2026-08-23 21:43:20.593757,franka,0.47021,0.07088,0.44144,0.00000,0.00000,0.00000,0.00000,2.00,9.00,0.00,0.0000,0.0000,0.0000,0.0000,0,0
2026-08-23 21:43:20.644610,franka,0.47022,0.07086,0.44145,0.00000,0.00000,0.00000,0.00000,2.00,9.00,0.00,0.0000,0.0000,0.0000,0.0000,0,0
2026-08-23 21:43:20.695296,franka,0.47021,0.07086,0.44145,0.00000,0.00000,0.00000,0.00000,2.00,9.00,0.00,0.0000,0.0000,0.0000,0.0000,0,0
2026-08-23 21:43:20.746006,franka,0.47021,0.07087,0.44145,0.00000,0.00000,0.00000,0.00000,2.00,9.00,0.00,0.0000,0.0000,0.0000,0.0000,0,0
2026-08-23 21:43:20.796994,franka,0.47021,0.07087,0.44145,0.00000,0.00000,0.00000,0.00000,2.00,9.00,0.00,0.0000,0.0000,0.0000,0.0000,0,0
2026-08-23 21:43:20.847914,franka,0.47021,0.07087,0.44145,0.00000,0.00000,0.00000,0.00000,2.00,9.00,0.00,0.0000,0.0000,0.0000,0.0000,0,0
2026-08-23 21:43:20.898706,franka,0.47021,0.07086,0.44145,0.00000,0.00000,0.00000,0.00000,2.00,9.00,0.00,0.0000,0.0000,0.0000,0.0000,0,0
2026-08-23 21:43:20.949828,franka,0.47021,0.07087,0.44145,0.00000,0.00000,0.00000,0.00000,2.00,9.00,0.00,0.0000,0.0000,0.0000,0.0000,0,0
2026-08-23 21:43:21.001012,franka,0.47021,0.07087,0.44145,0.00000,0.00000,0.00000,0.00000,2.00,9.00,0.00,0.0000,0.0000,0.0000,0.0000,0,0
2026-08-23 21:43:21.052305,franka,0.47021,0.07086,0.44145,0.00000,0.00000,0.00000,0.00000,2.00,9.00,0.00,0.0000,0.0000,0.0000,0.0000,0,0
2026-08-23 21:43:21.103445,franka,0.47021,0.07087,0.44145,0.00000,0.00000,0.00000,0.00000,2.00,9.00,0.00,0.0000,0.0000,0.0000,0.0000,0,0
2026-08-23 21:43:21.154360,franka,0.47021,0.07086,0.44145,0.00000,0.00000,0.00000,0.00000,2.00,9.00,0.00,0.0000,0.0000,0.0000,0.0000,0,0
2026-08-23 21:43:21.205136,franka,0.47021,0.07087,0.44145,0.00000,0.00000,0.00000,0.00000,2.00,9.00,0.00,0.0000,0.0000,0.0000,0.0000,0,0
2026-08-23 21:43:21.255881,franka,0.47021,0.07087,0.44145,0.00000,0.00000,0.00000,0.00000,2.00,9.00,0.00,0.0000,0.0000,0.0000,0.0000,0,0
2026-08-23 21:43:21.306501,franka,0.47021,0.07087,0.44145,0.00000,0.00000,0.00000,0.00000,2.00,9.00,0.00,0.0000,0.0000,0.0000,0.0000,0,0
2026-08-23 21:43:21.357150,franka,0.47021,0.07087,0.44145,0.00000,0.00000,0.00000,0.00000,2.00,9.00,0.00,0.0000,0.0000,0.0000,0.0000,0,0
2026-08-23 21:43:21.408062,franka,0.47021,0.07086,0.44145,0.00000,0.00000,0.00000,0.00000,2.00,9.00,0.00,0.0000,0.0000,0.0000,0.0000,0,0
2026-08-23 21:43:21.459200,franka,0.47021,0.07087,0.44145,0.00000,0.00000,0.00000,0.00000,2.00,9.00,0.00,0.0000,0.0000,0.0000,0.0000,0,0
2026-08-23 21:43:21.510609,franka,0.47021,0.07087,0.44145,0.00000,0.00000,0.00000,0.00000,2.00,9.00,0.00,0.0000,0.0000,0.0000,0.0000,0,0
2026-08-23 21:43:21.561540,franka,0.47021,0.07087,0.44145,0.00000,0.00000,0.00000,0.00000,2.00,9.00,0.00,0.0000,0.0000,0.0000,0.0000,0,0
2026-08-23 21:43:21.612247,franka,0.47021,0.07087,0.44145,0.00000,0.00000,0.00000,0.00000,2.00,9.00,0.00,0.0000,0.0000,0.0000,0.0000,0,0
2026-08-23 21:43:21.662999,franka,0.47021,0.07087,0.44145,0.00000,0.00000,0.00000,0.00000,2.00,9.00,0.00,0.0000,0.0000,0.0000,0.0000,0,0
2026-08-23 21:43:21.713820,franka,0.47021,0.07087,0.44145,0.00000,0.00000,0.00000,0.00000,2.00,9.00,0.00,0.0000,0.0000,0.0000,0.0000,0,0
